Days from Version to FV,LOC touched from Version to FV,Bugginess
0,0,No
27,15,Yes
35,19,No
205,386,No
265,446,No
287,618,No
414,638,No
491,638,No
618,641,No
685,686,No
697,686,No
721,686,No
739,745,No
867,1120,No
1015,1161,No
1088,1161,No
1124,1161,No
1154,1161,No
1169,1161,No
1259,1161,No
1329,1161,No
1360,1161,No
1380,1161,No
1409,1161,No
1427,1161,No
0,0,No
13,62,Yes
21,68,Yes
191,68,No
251,68,No
273,68,No
400,68,No
477,68,No
604,68,No
671,68,No
683,68,No
707,68,No
725,68,No
853,68,No
1001,68,No
1074,68,No
1110,68,No
1140,68,No
1155,68,No
1245,68,No
1315,68,No
1346,68,No
1366,68,No
1395,68,No
1413,68,No
0,0,No
58,230,Yes
80,416,Yes
207,8867,No
284,8999,No
411,9116,No
478,9397,No
490,9477,No
514,9599,No
532,9675,No
660,9933,No
808,10259,No
881,10581,No
917,10677,No
947,10767,No
962,10842,No
1052,10974,No
1122,11105,No
1153,11166,No
1173,11235,No
1202,11302,No
1220,11324,No
0,21,No
27,155,Yes
35,171,No
205,595,No
265,930,No
287,1045,No
414,1333,No
491,1333,No
618,1333,No
685,1333,No
697,1333,No
721,1335,No
739,1355,No
867,1430,No
1015,1942,No
1088,2015,No
1124,2015,No
1154,2015,No
1169,2015,No
1259,2015,No
1329,2015,No
1360,2015,No
1380,2015,No
1409,2015,No
1427,2015,No
0,0,No
14,82,Yes
22,135,No
192,707,No
252,930,No
274,1116,No
401,9567,No
478,9699,No
605,9816,No
672,10076,No
684,10156,No
708,10282,No
726,10358,No
854,10648,No
1002,10974,No
1075,11296,No
1111,11392,No
1141,11482,No
1156,11557,No
1246,11691,No
1316,12008,No
1347,12077,No
1367,12146,No
1396,12221,No
1414,12243,No
0,9,No
5,38,Yes
175,620,No
235,859,No
257,1061,No
384,9516,No
461,9670,No
588,9797,No
655,10307,No
667,10445,No
691,10633,No
709,10709,No
837,11190,No
985,11516,No
1058,11838,No
1094,11934,No
1124,12024,No
1139,12099,No
1229,12231,No
1299,12362,No
1330,12423,No
1350,12492,No
1379,12559,No
1397,12581,No
0,0,No
7,134,Yes
177,1506,No
237,1729,No
259,1915,No
386,10366,No
463,10498,No
590,10615,No
657,10873,No
669,10953,No
693,11075,No
711,11151,No
839,11409,No
987,11735,No
1060,12057,No
1096,12153,No
1126,12243,No
1141,12318,No
1231,12450,No
1301,12581,No
1332,12642,No
1352,12711,No
1381,12778,No
1399,12800,No
0,69,No
0,138,Yes
8,138,Yes
178,140,No
238,140,No
260,140,No
387,146,No
464,146,No
591,146,No
658,146,No
670,146,No
694,146,No
712,146,No
840,156,No
988,156,No
1061,156,No
1097,156,No
1127,156,No
1142,156,No
1232,156,No
1302,156,No
1333,156,No
1353,156,No
1382,156,No
1400,156,No
0,97,No
4,205,Yes
174,1812,No
234,2161,No
256,2424,No
383,11030,No
460,11166,No
587,11388,No
654,12013,No
666,12093,No
690,12253,No
708,12329,No
836,12964,No
984,13444,No
1057,14200,No
1093,14299,No
1123,14437,No
1138,14548,No
1228,14748,No
1298,15323,No
1329,15384,No
1349,15453,No
1378,15520,No
1396,15542,No
0,2,No
23,57,Yes
83,57,Yes
105,57,Yes
232,65,Yes
309,69,Yes
436,102,Yes
503,120,No
515,120,No
539,120,No
557,120,No
685,206,No
833,206,No
906,206,No
942,206,No
972,206,No
987,206,No
1077,206,No
1147,206,No
1178,206,No
1198,206,No
1227,206,No
1245,206,No
0,0,No
31,55,Yes
98,421,No
110,501,No
134,623,No
152,699,No
280,959,No
428,1296,No
501,1690,No
537,1786,No
567,1876,No
582,1951,No
672,2083,No
742,2214,No
773,2275,No
793,2344,No
822,2411,No
840,2433,No
0,0,No
37,45,Yes
104,303,No
116,383,No
140,505,No
158,581,No
286,839,No
434,1165,No
507,1487,No
543,1583,No
573,1673,No
588,1748,No
678,1880,No
748,2011,No
779,2072,No
799,2141,No
828,2208,No
846,2230,No
0,0,No
56,106,Yes
123,364,No
135,444,No
159,566,No
177,642,No
305,911,No
453,1255,No
526,1577,No
562,1673,No
592,1763,No
607,1838,No
697,1970,No
767,2101,No
798,2162,No
818,2231,No
847,2298,No
865,2320,No
0,694,No
28,1416,Yes
116,1494,Yes
151,1595,Yes
159,1599,Yes
329,1734,Yes
389,1837,Yes
411,1889,Yes
538,7385,Yes
615,7450,Yes
742,7523,Yes
809,7948,No
821,7975,No
845,8039,No
863,8057,No
991,8619,No
1139,9235,No
1212,9419,No
1248,9508,No
1278,9895,No
1293,9943,No
1383,10051,No
1453,10225,No
1484,10320,No
1504,10391,No
1533,10480,No
1551,10485,No
0,0,No
49,85,Yes
116,395,Yes
128,494,Yes
152,617,Yes
170,705,Yes
298,1021,Yes
446,1347,Yes
519,1669,No
555,1765,No
585,1855,No
600,1930,No
690,2062,No
760,2193,No
791,2254,No
811,2323,No
840,2390,No
858,2412,No
0,0,No
51,4206,Yes
128,4338,Yes
255,4455,Yes
322,6735,No
334,6835,No
358,6957,No
376,7033,No
504,7601,No
652,7942,No
725,8342,No
761,8438,No
791,8556,No
806,8887,No
896,11004,No
966,11135,No
997,11196,No
1017,11265,No
1046,11332,No
1064,11354,No
0,0,No
43,174,Yes
110,620,No
122,700,No
146,822,No
164,910,No
292,2506,No
440,2832,No
513,3288,No
549,3384,No
579,3474,No
594,3549,No
684,3681,No
754,3812,No
785,3873,No
805,3942,No
834,4009,No
852,4031,No
0,0,No
39,67,Yes
106,377,No
118,476,No
142,599,No
160,687,No
288,1003,No
436,1329,No
509,1651,No
545,1747,No
575,1837,No
590,1912,No
680,2044,No
750,2175,No
781,2236,No
801,2305,No
830,2372,No
848,2394,No
0,20,No
120,158,Yes
187,762,No
199,842,No
223,1066,No
241,1142,No
369,2845,No
517,3324,No
590,4908,No
626,5069,No
656,7954,No
671,8135,No
761,8761,No
831,9259,No
862,9402,No
882,9526,No
911,9730,No
929,9870,No
0,0,No
17,94,Yes
145,754,No
293,1253,No
366,1755,No
402,1940,No
432,2417,No
447,2540,No
537,2780,No
607,3085,No
638,3241,No
658,3381,No
687,3537,No
705,3564,No
0,0,No
15,113,Yes
143,1571,No
291,1903,No
364,2272,No
400,2368,No
430,2458,No
445,2533,No
535,2665,No
605,2796,No
636,2857,No
656,2926,No
685,2993,No
703,3015,No
0,0,No
0,444,Yes
18,548,Yes
146,1654,No
294,1980,No
367,2302,No
403,2398,No
433,2488,No
448,2563,No
538,2695,No
608,2826,No
639,2887,No
659,2956,No
688,3023,No
706,3045,No
0,23,No
2,51,Yes
129,168,Yes
196,426,No
208,506,No
232,628,No
250,704,No
378,971,No
526,1333,No
599,1655,No
635,1751,No
665,1841,No
680,1916,No
770,2048,No
840,2179,No
871,2240,No
891,2309,No
920,2376,No
938,2398,No
0,0,No
17,111,Yes
35,189,Yes
163,636,No
311,968,No
384,1337,No
420,1433,No
450,1523,No
465,1598,No
555,1730,No
625,1861,No
656,1922,No
676,1991,No
705,2058,No
723,2080,No
0,0,No
98,113,Yes
165,449,Yes
177,529,No
201,795,No
219,871,No
347,1263,No
495,1736,No
568,2118,No
604,2398,No
634,2488,No
649,2563,No
739,2695,No
809,2826,No
840,2887,No
860,2956,No
889,3023,No
907,3045,No
0,0,No
3,29,Yes
21,117,Yes
149,424,No
297,759,No
370,1081,No
406,1177,No
436,1267,No
451,1342,No
541,1474,No
611,1605,No
642,1666,No
662,1735,No
691,1802,No
709,1824,No
0,0,No
94,98,Yes
161,372,Yes
173,452,Yes
197,574,Yes
215,650,Yes
343,1032,Yes
491,1358,No
564,1680,No
600,1776,No
630,1866,No
645,1941,No
735,2073,No
805,2204,No
836,2265,No
856,2334,No
885,2401,No
903,2423,No
0,0,No
13,24,Yes
141,157,No
289,157,No
362,159,No
398,159,No
428,159,No
443,159,No
533,159,No
603,159,No
634,159,No
654,159,No
683,159,No
701,159,No
0,0,No
122,282,Yes
189,907,No
201,993,No
225,1153,No
243,1251,No
371,1900,No
519,2977,No
592,3778,No
628,3877,No
658,4015,No
673,4126,No
763,4326,No
833,4901,No
864,4962,No
884,5031,No
913,5098,No
931,5120,No
0,20,No
24,79,Yes
101,79,Yes
228,155,Yes
295,234,No
307,234,No
331,234,No
349,234,No
477,1321,No
625,1321,No
698,1453,No
734,1453,No
764,1453,No
779,1453,No
869,1453,No
939,1453,No
970,1453,No
990,1453,No
1019,1453,No
1037,1453,No
0,0,No
78,83,Yes
145,367,Yes
157,447,Yes
181,569,Yes
199,645,No
327,1082,No
475,1408,No
548,1730,No
584,1826,No
614,1916,No
629,1991,No
719,2123,No
789,2254,No
820,2315,No
840,2384,No
869,2451,No
887,2473,No
0,0,No
66,78,Yes
133,421,No
145,501,No
169,626,No
187,704,No
315,1000,No
463,1330,No
536,1701,No
572,1797,No
602,1887,No
617,1962,No
707,2094,No
777,2225,No
808,2286,No
828,2355,No
857,2422,No
875,2444,No
0,0,No
31,299,Yes
43,379,Yes
67,501,Yes
85,589,No
213,2185,No
361,2511,No
434,2967,No
470,3063,No
500,3153,No
515,3228,No
605,3360,No
675,3491,No
706,3552,No
726,3621,No
755,3688,No
773,3710,No
0,0,No
34,168,Yes
46,249,No
70,371,No
88,451,No
216,828,No
364,1279,No
437,1601,No
473,1697,No
503,1787,No
518,1862,No
608,1994,No
678,2125,No
709,2186,No
729,2255,No
758,2322,No
776,2344,No
0,0,No
17,92,Yes
145,360,Yes
293,686,No
366,1008,No
402,1139,No
432,1231,No
447,1308,No
537,1440,No
607,1619,No
638,1704,No
658,1773,No
687,1840,No
705,1862,No
0,0,No
14,14,Yes
36,14,Yes
163,592,Yes
240,592,Yes
367,592,Yes
434,622,Yes
446,625,No
470,655,No
488,671,No
616,806,No
764,806,No
837,806,No
873,806,No
903,806,No
918,806,No
1008,806,No
1078,806,No
1109,806,No
1129,806,No
1158,806,No
1176,806,No
0,0,No
125,1841,Yes
273,2420,No
346,4030,No
382,4191,No
412,7076,No
427,7257,No
517,7883,No
587,8381,No
618,8524,No
638,8648,No
667,8852,No
685,8992,No
0,0,No
43,58,Yes
55,58,No
79,118,No
97,118,No
225,143,No
373,143,No
446,143,No
482,143,No
512,143,No
527,143,No
617,143,No
687,143,No
718,143,No
738,143,No
767,143,No
785,143,No
0,0,No
41,249,Yes
53,329,No
77,458,No
95,534,No
223,839,No
371,1173,No
444,1520,No
480,1624,No
510,1728,No
525,1815,No
615,1967,No
685,2171,No
716,2234,No
736,2303,No
765,2382,No
783,2404,No
0,0,No
121,250,Yes
269,576,No
342,898,No
378,994,No
408,1084,No
423,1159,No
513,1291,No
583,1422,No
614,1483,No
634,1552,No
663,1619,No
681,1641,No
0,0,No
38,533,Yes
50,613,No
74,837,No
92,913,No
220,2614,No
368,3093,No
441,4677,No
477,4838,No
507,7723,No
522,7904,No
612,8530,No
682,9028,No
713,9171,No
733,9295,No
762,9499,No
780,9639,No
0,0,No
19,31,Yes
86,299,No
98,379,No
122,511,No
140,587,No
268,908,No
416,1236,No
489,1558,No
525,1654,No
555,1744,No
570,1819,No
660,1951,No
730,2082,No
761,2143,No
781,2212,No
810,2279,No
828,2301,No
0,26,No
54,8398,Yes
131,8536,No
258,8661,No
325,9267,No
337,9347,No
361,9469,No
379,9545,No
507,9803,No
655,10129,No
728,10451,No
764,10547,No
794,10637,No
809,10712,No
899,10844,No
969,10975,No
1000,11036,No
1020,11105,No
1049,11172,No
1067,11194,No
0,0,No
14,87,Yes
81,422,No
93,502,No
117,624,No
135,700,No
263,958,No
411,1284,No
484,1606,No
520,1702,No
550,1792,No
565,1867,No
655,1999,No
725,2130,No
756,2191,No
776,2260,No
805,2327,No
823,2349,No
0,270,No
54,9051,Yes
131,9183,No
258,9322,No
325,10186,No
337,10273,No
361,10497,No
379,10579,No
507,12324,No
655,13225,No
728,14863,No
764,15024,No
794,17909,No
809,18090,No
899,18716,No
969,19214,No
1000,19357,No
1020,19481,No
1049,19685,No
1067,19825,No
0,0,No
37,91,Yes
164,208,Yes
231,554,No
243,634,No
267,756,No
285,832,No
413,1129,No
561,1455,No
634,1778,No
670,1874,No
700,1964,No
715,2039,No
805,2171,No
875,2302,No
906,2363,No
926,2432,No
955,2499,No
973,2521,No
0,10,No
27,130,Yes
104,262,Yes
231,379,Yes
298,655,No
310,735,No
334,857,No
352,933,No
480,1191,No
628,1517,No
701,1839,No
737,1935,No
767,2025,No
782,2100,No
872,2232,No
942,2363,No
973,2424,No
993,2493,No
1022,2560,No
1040,2582,No
0,0,No
53,4454,Yes
130,5522,Yes
257,6340,Yes
324,7157,Yes
336,7237,No
360,7364,No
378,7458,No
506,8137,No
654,8523,No
727,8963,No
763,9059,No
793,9149,No
808,9224,No
898,9356,No
968,9487,No
999,9548,No
1019,9617,No
1048,9684,No
1066,9706,No
0,20,No
41,4226,Yes
118,4361,No
245,4484,No
312,4747,No
324,4827,No
348,4949,No
366,5029,No
494,5494,No
642,5820,No
715,6142,No
751,6238,No
781,6328,No
796,6403,No
886,6535,No
956,6666,No
987,6727,No
1007,6796,No
1036,6863,No
1054,6885,No
0,56,No
40,4301,Yes
117,4435,Yes
244,4552,Yes
311,4812,No
323,4892,No
347,5014,No
365,5092,No
493,5395,No
641,5721,No
714,6043,No
750,6139,No
780,6229,No
795,6304,No
885,6436,No
955,6567,No
986,6628,No
1006,6697,No
1035,6764,No
1053,6786,No
0,50,No
39,4433,Yes
116,4565,No
243,4789,No
310,5235,No
322,5315,No
346,5437,No
364,5525,No
492,7121,No
640,7447,No
713,7903,No
749,7999,No
779,8089,No
794,8164,No
884,8296,No
954,8427,No
985,8488,No
1005,8557,No
1034,8624,No
1052,8646,No
0,30,No
38,4485,Yes
115,4617,No
242,4764,No
309,5028,No
321,5108,No
345,5230,No
363,5322,No
491,5709,No
639,6035,No
712,6357,No
748,6453,No
778,6543,No
793,6618,No
883,6750,No
953,6881,No
984,6942,No
1004,7011,No
1033,7078,No
1051,7100,No
0,24,No
38,4449,Yes
115,4581,No
242,4728,No
309,4992,No
321,5072,No
345,5194,No
363,5286,No
491,5673,No
639,5999,No
712,6321,No
748,6417,No
778,6507,No
793,6582,No
883,6714,No
953,6845,No
984,6906,No
1004,6975,No
1033,7042,No
1051,7064,No
0,0,No
125,542,Yes
273,912,No
346,1236,No
382,1332,No
412,1422,No
427,1497,No
517,1629,No
587,1760,No
618,1821,No
638,1890,No
667,1957,No
685,1979,No
0,0,No
0,41,Yes
22,227,Yes
149,8678,Yes
226,8810,No
353,8927,No
420,9185,No
432,9265,No
456,9387,No
474,9463,No
602,9721,No
750,10047,No
823,10369,No
859,10465,No
889,10555,No
904,10630,No
994,10762,No
1064,10893,No
1095,10954,No
1115,11023,No
1144,11090,No
1162,11112,No
0,0,No
14,197,Yes
32,281,Yes
160,541,Yes
308,1083,No
381,1405,No
417,1501,No
447,1591,No
462,1666,No
552,1798,No
622,1929,No
653,1990,No
673,2059,No
702,2126,No
720,2148,No
0,0,No
118,1449,Yes
266,2010,No
339,2332,No
375,2428,No
405,2518,No
420,2593,No
510,2725,No
580,2856,No
611,2917,No
631,2986,No
660,3053,No
678,3075,No
0,0,No
118,438,Yes
266,889,No
339,1211,No
375,1307,No
405,1397,No
420,1472,No
510,1604,No
580,1735,No
611,1796,No
631,1865,No
660,1932,No
678,1954,No
0,1105,No
73,11638,Yes
150,11770,No
277,11887,No
344,12238,No
356,12322,No
380,12493,No
398,12569,No
526,12892,No
674,13299,No
747,13621,No
783,13717,No
813,13807,No
828,13882,No
918,14014,No
988,14145,No
1019,14206,No
1039,14275,No
1068,14342,No
1086,14364,No
0,0,No
3,43,Yes
21,119,Yes
149,377,No
297,775,No
370,1097,No
406,1193,No
436,1283,No
451,1358,No
541,1490,No
611,1621,No
642,1682,No
662,1751,No
691,1818,No
709,1840,No
0,0,No
25,21,Yes
92,279,No
104,359,No
128,481,No
146,557,No
274,815,No
422,1141,No
495,1463,No
531,1559,No
561,1649,No
576,1724,No
666,1856,No
736,1987,No
767,2048,No
787,2117,No
816,2184,No
834,2206,No
0,7,No
26,125,Yes
103,257,No
230,374,No
297,868,No
309,948,No
333,1131,No
351,1207,No
479,1465,No
627,1791,No
700,2113,No
736,2209,No
766,2299,No
781,2374,No
871,2506,No
941,2637,No
972,2698,No
992,2767,No
1021,2834,No
1039,2856,No
0,7,No
13,49,Yes
90,181,No
217,298,No
284,560,No
296,640,No
320,762,No
338,838,No
466,1221,No
614,1554,No
687,1900,No
723,1996,No
753,2086,No
768,2161,No
858,2293,No
928,2424,No
959,2485,No
979,2554,No
1008,2621,No
1026,2643,No
0,0,No
53,4454,Yes
130,5522,No
257,6340,No
324,7157,No
336,7237,No
360,7364,No
378,7458,No
506,8137,No
654,8523,No
727,8963,No
763,9059,No
793,9149,No
808,9224,No
898,9356,No
968,9487,No
999,9548,No
1019,9617,No
1048,9684,No
1066,9706,No
0,0,No
2,35,Yes
130,406,No
278,732,No
351,1054,No
387,1150,No
417,1240,No
432,1315,No
522,1447,No
592,1578,No
623,1639,No
643,1708,No
672,1775,No
690,1797,No
0,3,No
18,77,Yes
95,209,Yes
222,326,Yes
289,584,No
301,664,No
325,786,No
343,862,No
471,1120,No
619,1446,No
692,1768,No
728,1864,No
758,1954,No
773,2029,No
863,2161,No
933,2292,No
964,2353,No
984,2422,No
1013,2489,No
1031,2511,No
0,45,No
18,155,Yes
95,287,Yes
222,404,No
289,662,No
301,742,No
325,1016,No
343,1098,No
471,1617,No
619,1943,No
692,2265,No
728,2361,No
758,2451,No
773,2526,No
863,2658,No
933,2789,No
964,2850,No
984,2919,No
1013,2986,No
1031,3008,No
0,0,No
1,17,Yes
129,275,No
277,601,No
350,923,No
386,1019,No
416,1109,No
431,1184,No
521,1316,No
591,1447,No
622,1508,No
642,1577,No
671,1644,No
689,1666,No
0,5,No
20,250,Yes
97,250,No
224,257,No
291,334,No
303,334,No
327,334,No
345,334,No
473,334,No
621,334,No
694,334,No
730,334,No
760,334,No
775,334,No
865,334,No
935,334,No
966,334,No
986,334,No
1015,334,No
1033,334,No
0,40,No
45,200,Yes
122,200,Yes
249,231,Yes
316,340,Yes
328,340,Yes
352,340,Yes
370,352,Yes
498,603,Yes
646,603,No
719,605,No
755,605,No
785,605,No
800,605,No
890,605,No
960,605,No
991,605,No
1011,605,No
1040,605,No
1058,605,No
0,0,No
9,40,Yes
137,298,No
285,624,No
358,946,No
394,1042,No
424,1132,No
439,1207,No
529,1339,No
599,1470,No
630,1531,No
650,1600,No
679,1667,No
697,1689,No
0,28,No
1,67,Yes
78,199,No
205,316,No
272,574,No
284,654,No
308,776,No
326,852,No
454,1110,No
602,1436,No
675,1758,No
711,1854,No
741,1944,No
756,2019,No
846,2151,No
916,2282,No
947,2343,No
967,2412,No
996,2479,No
1014,2501,No
0,0,No
83,11,Yes
143,11,No
165,11,No
292,11,No
369,11,No
496,11,No
563,25,No
575,25,No
599,25,No
617,25,No
745,45,No
893,45,No
966,45,No
1002,45,No
1032,45,No
1047,45,No
1137,45,No
1207,45,No
1238,45,No
1258,45,No
1287,45,No
1305,45,No
0,118,No
42,323,Yes
102,576,No
124,762,No
251,9213,No
328,9359,No
455,9476,No
522,9734,No
534,9814,No
558,9936,No
576,10060,No
704,10318,No
852,10644,No
925,10966,No
961,11062,No
991,11152,No
1006,11227,No
1096,11359,No
1166,11490,No
1197,11551,No
1217,11620,No
1246,11687,No
1264,11709,No
0,0,No
65,69,Yes
125,307,No
147,307,No
274,307,No
351,307,No
478,307,No
545,307,No
557,307,No
581,307,No
599,307,No
727,307,No
875,307,No
948,307,No
984,307,No
1014,307,No
1029,307,No
1119,307,No
1189,307,No
1220,307,No
1240,307,No
1269,307,No
1287,307,No
0,4,No
6,8,Yes
83,8,No
210,8,No
277,10,No
289,10,No
313,10,No
331,14,No
459,29,No
607,112,No
680,112,No
716,112,No
746,112,No
761,112,No
851,112,No
921,112,No
952,112,No
972,112,No
1001,112,No
1019,112,No
0,0,No
6,81,Yes
30,203,Yes
48,279,Yes
176,543,Yes
324,875,No
397,1197,No
433,1293,No
463,1383,No
478,1458,No
568,1590,No
638,1721,No
669,1782,No
689,1851,No
718,1918,No
736,1940,No
0,3,No
62,248,Yes
74,328,Yes
98,450,Yes
116,526,Yes
244,784,Yes
392,1110,No
465,1432,No
501,1528,No
531,1618,No
546,1693,No
636,1825,No
706,1956,No
737,2017,No
757,2086,No
786,2153,No
804,2175,No
0,51,No
38,4452,Yes
115,4584,No
242,4731,No
309,4995,No
321,5075,No
345,5197,No
363,5289,No
491,5676,No
639,6002,No
712,6324,No
748,6420,No
778,6510,No
793,6585,No
883,6717,No
953,6848,No
984,6909,No
1004,6978,No
1033,7045,No
1051,7067,No
0,2,No
58,404,Yes
96,404,Yes
127,404,Yes
238,404,Yes
326,769,Yes
361,769,Yes
369,769,Yes
539,773,Yes
599,773,No
621,773,No
748,773,No
825,773,No
952,773,No
1019,784,No
1031,784,No
1055,784,No
1073,784,No
1201,784,No
1349,784,No
1422,784,No
1458,784,No
1488,784,No
1503,784,No
1593,784,No
1663,784,No
1694,784,No
1714,784,No
1743,784,No
1761,784,No
0,2,No
81,4,Yes
141,4,Yes
163,4,Yes
290,4,Yes
367,4,Yes
494,4,Yes
561,4,Yes
573,4,Yes
597,4,Yes
615,4,No
743,4,No
891,4,No
964,4,No
1000,4,No
1030,4,No
1045,4,No
1135,4,No
1205,4,No
1236,4,No
1256,4,No
1285,4,No
1303,4,No
0,32,No
25,206,Yes
102,206,Yes
229,313,Yes
296,513,No
308,513,No
332,629,No
350,807,No
478,3735,No
626,3895,No
699,4036,No
735,4036,No
765,4036,No
780,4036,No
870,4036,No
940,4036,No
971,4036,No
991,4036,No
1020,4036,No
1038,4036,No
0,51,No
32,237,Yes
109,369,No
236,486,No
303,887,No
315,973,No
339,1099,No
357,1177,No
485,1624,No
633,1956,No
706,2325,No
742,2421,No
772,2511,No
787,2586,No
877,2718,No
947,2849,No
978,2910,No
998,2979,No
1027,3046,No
1045,3068,No
0,7,No
21,99,Yes
98,231,No
225,394,No
292,688,No
304,768,No
328,890,No
346,966,No
474,1244,No
622,1570,No
695,1892,No
731,1988,No
761,2078,No
776,2153,No
866,2285,No
936,2416,No
967,2477,No
987,2546,No
1016,2613,No
1034,2635,No
0,0,No
27,139,Yes
104,271,Yes
231,388,No
298,656,No
310,737,No
334,859,No
352,939,No
480,1316,No
628,1767,No
701,2089,No
737,2185,No
767,2275,No
782,2350,No
872,2482,No
942,2613,No
973,2674,No
993,2743,No
1022,2810,No
1040,2832,No
0,0,No
27,114,Yes
104,258,No
231,375,No
298,633,No
310,713,No
334,835,No
352,915,No
480,1221,No
628,1547,No
701,1869,No
737,1965,No
767,2055,No
782,2130,No
872,2262,No
942,2393,No
973,2454,No
993,2523,No
1022,2590,No
1040,2612,No
0,0,No
72,26,Yes
132,26,No
154,30,No
281,288,No
358,288,No
485,288,No
552,288,No
564,288,No
588,288,No
606,288,No
734,288,No
882,288,No
955,288,No
991,288,No
1021,288,No
1036,288,No
1126,288,No
1196,288,No
1227,288,No
1247,288,No
1276,288,No
1294,288,No
0,93,No
25,267,Yes
85,679,No
107,1030,No
234,9703,No
311,10547,No
438,11359,No
505,12075,No
517,12155,No
541,12279,No
559,12371,No
687,12950,No
835,13345,No
908,13736,No
944,13832,No
974,13922,No
989,13997,No
1079,14129,No
1149,14260,No
1180,14321,No
1200,14390,No
1229,14457,No
1247,14479,No
0,0,No
40,365,Yes
62,942,Yes
189,1076,Yes
266,1076,Yes
393,1076,Yes
460,1279,Yes
472,1279,Yes
496,1279,Yes
514,1307,Yes
642,2043,Yes
790,2043,Yes
863,2043,No
899,2043,No
929,2043,No
944,2043,No
1034,2043,No
1104,2043,No
1135,2043,No
1155,2043,No
1184,2043,No
1202,2043,No
0,2,No
20,25,Yes
80,248,No
102,434,No
229,8885,No
306,9017,No
433,9134,No
500,9392,No
512,9472,No
536,9594,No
554,9670,No
682,9928,No
830,10254,No
903,10576,No
939,10672,No
969,10762,No
984,10837,No
1074,10969,No
1144,11100,No
1175,11161,No
1195,11230,No
1224,11297,No
1242,11319,No
0,0,No
59,285,Yes
119,382,Yes
141,1310,Yes
268,3909,No
345,4014,No
472,4020,No
539,4330,No
551,4334,No
575,4415,No
593,4415,No
721,4773,No
869,4893,No
942,4893,No
978,4893,No
1008,4893,No
1023,4893,No
1113,4893,No
1183,4893,No
1214,4893,No
1234,4893,No
1263,4893,No
1281,4893,No
0,0,No
45,105,Yes
105,328,Yes
127,514,Yes
254,8965,Yes
331,9097,Yes
458,9214,No
525,9472,No
537,9552,No
561,9674,No
579,9750,No
707,10008,No
855,10334,No
928,10656,No
964,10752,No
994,10842,No
1009,10917,No
1099,11049,No
1169,11180,No
1200,11241,No
1220,11310,No
1249,11377,No
1267,11399,No
0,0,No
84,27,Yes
144,27,Yes
166,27,Yes
293,31,No
370,31,No
497,31,No
564,48,No
576,100,No
600,100,No
618,100,No
746,100,No
894,100,No
967,100,No
1003,100,No
1033,100,No
1048,100,No
1138,100,No
1208,100,No
1239,100,No
1259,100,No
1288,100,No
1306,100,No
0,5,No
33,102,Yes
93,428,No
115,666,No
242,14613,No
319,14810,No
446,15000,No
513,15683,No
525,15790,No
549,15976,No
567,16070,No
695,16730,No
843,17229,No
916,17731,No
952,17916,No
982,18393,No
997,18516,No
1087,18756,No
1157,19061,No
1188,19217,No
1208,19357,No
1237,19513,No
1255,19540,No
0,28,No
1,64,Yes
78,196,No
205,313,No
272,571,No
284,651,No
308,773,No
326,853,No
454,1121,No
602,1453,No
675,1775,No
711,1871,No
741,1961,No
756,2036,No
846,2168,No
916,2299,No
947,2360,No
967,2429,No
996,2496,No
1014,2518,No
0,15,No
40,112,Yes
100,335,No
122,521,No
249,8981,No
326,9113,No
453,9234,No
520,9641,No
532,9721,No
556,9843,No
574,9919,No
702,10203,No
850,10529,No
923,10851,No
959,10947,No
989,11037,No
1004,11112,No
1094,11244,No
1164,11375,No
1195,11436,No
1215,11505,No
1244,11572,No
1262,11594,No
0,5,No
63,123,Yes
190,240,No
257,575,No
269,655,No
293,777,No
311,853,No
439,1111,No
587,1437,No
660,1759,No
696,1855,No
726,1945,No
741,2020,No
831,2152,No
901,2283,No
932,2344,No
952,2413,No
981,2480,No
999,2502,No
0,5,No
70,139,Yes
197,264,No
264,870,No
276,950,No
300,1072,No
318,1148,No
446,1406,No
594,1732,No
667,2054,No
703,2150,No
733,2240,No
748,2315,No
838,2447,No
908,2578,No
939,2639,No
959,2708,No
988,2775,No
1006,2797,No
0,3,No
66,215,Yes
193,215,No
260,215,No
272,215,No
296,215,No
314,226,No
442,443,No
590,443,No
663,443,No
699,443,No
729,443,No
744,443,No
834,443,No
904,443,No
935,443,No
955,443,No
984,443,No
1002,443,No
0,3,No
66,125,Yes
193,242,No
260,500,No
272,580,No
296,702,No
314,778,No
442,1036,No
590,1362,No
663,1684,No
699,1780,No
729,1870,No
744,1945,No
834,2077,No
904,2208,No
935,2269,No
955,2338,No
984,2405,No
1002,2427,No
0,5,No
32,94,Yes
92,420,No
114,658,No
241,14605,No
318,14802,No
445,14992,No
512,15675,No
524,15782,No
548,15968,No
566,16062,No
694,16722,No
842,17221,No
915,17723,No
951,17908,No
981,18385,No
996,18508,No
1086,18748,No
1156,19053,No
1187,19209,No
1207,19349,No
1236,19505,No
1254,19532,No
0,0,No
89,248,Yes
149,471,No
171,657,No
298,9108,No
375,9240,No
502,9357,No
569,9656,No
581,9739,No
605,9865,No
623,9947,No
751,10231,No
899,10561,No
972,10883,No
1008,10979,No
1038,11069,No
1053,11144,No
1143,11276,No
1213,11407,No
1244,11468,No
1264,11537,No
1293,11604,No
1311,11626,No
0,0,No
108,252,Yes
168,475,No
190,661,No
317,9112,No
394,9244,No
521,9361,No
588,9619,No
600,9699,No
624,9821,No
642,9897,No
770,10155,No
918,10481,No
991,10803,No
1027,10899,No
1057,10989,No
1072,11064,No
1162,11196,No
1232,11327,No
1263,11388,No
1283,11457,No
1312,11524,No
1330,11546,No
0,555,No
88,1359,Yes
148,1602,No
170,2184,No
297,11179,No
374,11325,No
501,11457,No
568,11796,No
580,11902,No
604,12025,No
622,12117,No
750,12481,No
898,12807,No
971,13129,No
1007,13225,No
1037,13315,No
1052,13390,No
1142,13522,No
1212,13653,No
1243,13714,No
1263,13783,No
1292,13850,No
1310,13872,No
0,0,No
82,39,Yes
142,39,No
164,39,No
291,39,No
368,39,No
495,39,No
562,59,No
574,59,No
598,59,No
616,59,No
744,59,No
892,59,No
965,59,No
1001,59,No
1031,59,No
1046,59,No
1136,59,No
1206,59,No
1237,59,No
1257,59,No
1286,59,No
1304,59,No
0,0,No
110,9,Yes
170,9,Yes
192,149,No
319,158,No
396,158,No
523,158,No
590,568,No
602,568,No
626,568,No
644,568,No
772,568,No
920,568,No
993,568,No
1029,568,No
1059,568,No
1074,568,No
1164,568,No
1234,568,No
1265,568,No
1285,568,No
1314,568,No
1332,568,No
0,0,No
112,12,Yes
172,14,Yes
194,14,Yes
321,15,Yes
398,26,Yes
525,44,Yes
592,47,Yes
604,47,Yes
628,148,No
646,148,No
774,148,No
922,148,No
995,148,No
1031,148,No
1061,148,No
1076,148,No
1166,148,No
1236,148,No
1267,148,No
1287,148,No
1316,148,No
1334,148,No
0,0,No
116,116,Yes
176,116,No
198,116,No
325,142,No
402,142,No
529,175,No
596,175,No
608,175,No
632,175,No
650,175,No
778,186,No
926,204,No
999,204,No
1035,204,No
1065,204,No
1080,204,No
1170,204,No
1240,204,No
1271,204,No
1291,204,No
1320,204,No
1338,204,No
0,0,No
150,408,Yes
210,576,Yes
232,576,Yes
359,576,Yes
436,576,Yes
563,576,No
630,576,No
642,576,No
666,576,No
684,576,No
812,576,No
960,576,No
1033,576,No
1069,576,No
1099,576,No
1114,576,No
1204,576,No
1274,576,No
1305,576,No
1325,576,No
1354,576,No
1372,576,No
0,0,No
37,8,Yes
49,8,No
73,8,No
91,8,No
219,100,No
367,100,No
440,100,No
476,100,No
506,100,No
521,100,No
611,100,No
681,100,No
712,100,No
732,100,No
761,100,No
779,100,No
0,0,No
10,69,Yes
32,255,Yes
159,8706,Yes
236,8838,Yes
363,8955,Yes
430,9213,Yes
442,9293,Yes
466,9415,Yes
484,9491,No
612,9749,No
760,10075,No
833,10397,No
869,10493,No
899,10583,No
914,10658,No
1004,10790,No
1074,10921,No
1105,10982,No
1125,11051,No
1154,11118,No
1172,11140,No
0,0,No
34,139,Yes
46,139,No
70,139,No
88,227,No
216,237,No
364,435,No
437,435,No
473,435,No
503,435,No
518,435,No
608,435,No
678,435,No
709,435,No
729,435,No
758,435,No
776,435,No
0,0,No
28,108,Yes
40,188,No
64,310,No
82,386,No
210,644,No
358,970,No
431,1292,No
467,1388,No
497,1478,No
512,1553,No
602,1685,No
672,1816,No
703,1877,No
723,1946,No
752,2013,No
770,2035,No
0,0,No
33,135,Yes
45,215,No
69,337,No
87,413,No
215,671,No
363,997,No
436,1319,No
472,1415,No
502,1505,No
517,1580,No
607,1712,No
677,1843,No
708,1904,No
728,1973,No
757,2040,No
775,2062,No
0,0,No
99,8771,Yes
176,8903,Yes
303,9020,Yes
370,9338,Yes
382,9418,No
406,9712,No
424,9796,No
552,10056,No
700,10598,No
773,10920,No
809,11016,No
839,11106,No
854,11181,No
944,11313,No
1014,11444,No
1045,11505,No
1065,11574,No
1094,11641,No
1112,11663,No
0,0,No
17,124,Yes
29,124,Yes
53,124,No
71,124,No
199,206,No
347,208,No
420,232,No
456,232,No
486,232,No
501,232,No
591,232,No
661,232,No
692,232,No
712,232,No
741,232,No
759,232,No
0,5,No
5,38,Yes
132,155,No
199,413,No
211,493,No
235,615,No
253,707,No
381,965,No
529,1291,No
602,1613,No
638,1709,No
668,1799,No
683,1874,No
773,2006,No
843,2137,No
874,2198,No
894,2267,No
923,2334,No
941,2356,No
0,11,No
5,47,Yes
132,164,No
199,422,No
211,502,No
235,624,No
253,700,No
381,958,No
529,1284,No
602,1606,No
638,1702,No
668,1792,No
683,1867,No
773,1999,No
843,2130,No
874,2191,No
894,2260,No
923,2327,No
941,2349,No
0,0,No
5,93,Yes
29,215,Yes
47,297,No
175,633,No
323,1386,No
396,1708,No
432,1804,No
462,1894,No
477,1969,No
567,2101,No
637,2232,No
668,2293,No
688,2362,No
717,2429,No
735,2451,No
0,2,No
6,23,Yes
133,23,No
200,49,No
212,49,No
236,49,No
254,49,No
382,125,No
530,125,No
603,125,No
639,125,No
669,125,No
684,125,No
774,125,No
844,125,No
875,125,No
895,125,No
924,125,No
942,125,No
0,18,No
4,58,Yes
131,175,No
198,451,No
210,536,No
234,663,No
252,790,No
380,1430,No
528,1988,No
601,2312,No
637,2408,No
667,2498,No
682,2573,No
772,2705,No
842,2836,No
873,2897,No
893,2966,No
922,3033,No
940,3055,No
0,9,No
3,26,Yes
130,143,Yes
197,403,No
209,483,No
233,605,No
251,695,No
379,1065,No
527,1396,No
600,1830,No
636,1926,No
666,2016,No
681,2091,No
771,2223,No
841,2354,No
872,2415,No
892,2484,No
921,2551,No
939,2573,No
0,0,No
1,33,Yes
25,155,Yes
43,231,No
171,489,No
319,815,No
392,1137,No
428,1233,No
458,1323,No
473,1398,No
563,1530,No
633,1661,No
664,1722,No
684,1791,No
713,1858,No
731,1880,No
0,67,No
60,574,Yes
187,734,Yes
254,1086,No
266,1166,No
290,1291,No
308,1369,No
436,1698,No
584,2030,No
657,2401,No
693,2497,No
723,2587,No
738,2662,No
828,2794,No
898,2925,No
929,2986,No
949,3055,No
978,3122,No
996,3144,No
0,0,No
1,37,Yes
25,159,Yes
43,235,No
171,493,No
319,819,No
392,1141,No
428,1237,No
458,1327,No
473,1402,No
563,1534,No
633,1665,No
664,1726,No
684,1795,No
713,1862,No
731,1884,No
0,4,No
3,21,Yes
130,138,No
197,396,No
209,476,No
233,598,No
251,674,No
379,932,No
527,1258,No
600,1580,No
636,1676,No
666,1766,No
681,1841,No
771,1973,No
841,2104,No
872,2165,No
892,2234,No
921,2301,No
939,2323,No
0,18,No
110,123,Yes
187,123,Yes
314,123,Yes
381,123,No
393,123,No
417,123,No
435,123,No
563,123,No
711,123,No
784,123,No
820,123,No
850,123,No
865,123,No
955,123,No
1025,123,No
1056,123,No
1076,123,No
1105,123,No
1123,123,No
0,0,No
4,62,Yes
22,138,No
150,689,No
298,1054,No
371,1376,No
407,1472,No
437,1562,No
452,1637,No
542,1769,No
612,1900,No
643,1961,No
663,2030,No
692,2097,No
710,2119,No
0,11,No
24,107,Yes
101,239,Yes
228,356,Yes
295,616,No
307,696,No
331,818,No
349,894,No
477,1234,No
625,1562,No
698,1908,No
734,2004,No
764,2094,No
779,2169,No
869,2301,No
939,2432,No
970,2493,No
990,2562,No
1019,2629,No
1037,2651,No
0,5,No
120,106,Yes
187,369,No
199,449,No
223,571,No
241,659,No
369,1123,No
517,2205,No
590,2527,No
626,2623,No
656,2713,No
671,2788,No
761,2920,No
831,3051,No
862,3112,No
882,3181,No
911,3248,No
929,3270,No
0,2,No
120,18,Yes
187,362,No
199,362,No
223,464,No
241,464,No
369,1907,No
517,2060,No
590,3322,No
626,3387,No
656,6182,No
671,6288,No
761,6782,No
831,7149,No
862,7231,No
882,7286,No
911,7423,No
929,7541,No
0,0,No
3,103,Yes
21,242,Yes
149,620,No
297,950,No
370,1272,No
406,1368,No
436,1458,No
451,1533,No
541,1665,No
611,1796,No
642,1857,No
662,1926,No
691,1993,No
709,2015,No
0,0,No
64,6,Yes
99,6,Yes
107,6,Yes
277,6,Yes
337,6,Yes
359,6,Yes
486,41,Yes
563,41,Yes
690,41,Yes
757,176,Yes
769,176,Yes
793,176,Yes
811,176,No
939,176,No
1087,176,No
1160,176,No
1196,176,No
1226,176,No
1241,176,No
1331,176,No
1401,176,No
1432,176,No
1452,176,No
1481,176,No
1499,176,No
0,6,No
115,8433,Yes
192,8565,Yes
319,8682,Yes
386,8940,No
398,9020,No
422,9142,No
440,9218,No
568,9476,No
716,9802,No
789,10124,No
825,10220,No
855,10310,No
870,10385,No
960,10517,No
1030,10648,No
1061,10709,No
1081,10778,No
1110,10845,No
1128,10867,No
0,199,No
44,482,Yes
171,605,No
238,1080,No
250,1160,No
274,1314,No
292,1390,No
420,1941,No
568,2306,No
641,2628,No
677,2724,No
707,2814,No
722,2889,No
812,3021,No
882,3152,No
913,3213,No
933,3282,No
962,3349,No
980,3371,No
0,0,No
39,130,Yes
166,247,Yes
233,524,No
245,604,No
269,726,No
287,808,No
415,1094,No
563,1437,No
636,1760,No
672,1856,No
702,1946,No
717,2021,No
807,2153,No
877,2284,No
908,2345,No
928,2414,No
957,2481,No
975,2503,No
0,5,No
30,105,Yes
157,295,No
224,978,No
236,1085,No
260,1271,No
278,1365,No
406,2025,No
554,2524,No
627,3026,No
663,3211,No
693,3688,No
708,3811,No
798,4051,No
868,4356,No
899,4512,No
919,4652,No
948,4808,No
966,4835,No
0,5,No
29,85,Yes
156,275,No
223,958,No
235,1065,No
259,1251,No
277,1345,No
405,2005,No
553,2504,No
626,3006,No
662,3191,No
692,3668,No
707,3791,No
797,4031,No
867,4336,No
898,4492,No
918,4632,No
947,4788,No
965,4815,No
0,0,No
13,226,Yes
31,314,No
159,634,No
307,960,No
380,1282,No
416,1378,No
446,1468,No
461,1543,No
551,1675,No
621,1806,No
652,1867,No
672,1936,No
701,2003,No
719,2025,No
0,13,No
22,87,Yes
149,204,No
216,546,No
228,626,No
252,808,No
270,884,No
398,1167,No
546,1493,No
619,1815,No
655,1911,No
685,2001,No
700,2076,No
790,2208,No
860,2339,No
891,2400,No
911,2469,No
940,2536,No
958,2558,No
0,0,No
37,27,Yes
164,27,No
231,727,No
243,727,No
267,727,No
285,727,No
413,753,No
561,753,No
634,753,No
670,753,No
700,753,No
715,753,No
805,753,No
875,753,No
906,753,No
926,753,No
955,753,No
973,753,No
0,0,No
12,73,Yes
30,149,Yes
158,443,Yes
306,813,No
379,1137,No
415,1233,No
445,1323,No
460,1398,No
550,1530,No
620,1661,No
651,1722,No
671,1791,No
700,1858,No
718,1880,No
0,0,No
12,68,Yes
30,144,No
158,402,No
306,728,No
379,1050,No
415,1146,No
445,1236,No
460,1311,No
550,1443,No
620,1574,No
651,1635,No
671,1704,No
700,1771,No
718,1793,No
0,0,No
12,68,Yes
30,144,No
158,402,No
306,728,No
379,1050,No
415,1146,No
445,1236,No
460,1311,No
550,1443,No
620,1574,No
651,1635,No
671,1704,No
700,1771,No
718,1793,No
0,21,No
17,85,Yes
144,202,Yes
211,462,Yes
223,542,No
247,664,No
265,742,No
393,1004,No
541,1330,No
614,1652,No
650,1748,No
680,1838,No
695,1913,No
785,2045,No
855,2176,No
886,2237,No
906,2306,No
935,2373,No
953,2395,No
0,0,No
10,60,Yes
28,136,No
156,394,No
304,720,No
377,1042,No
413,1138,No
443,1228,No
458,1303,No
548,1435,No
618,1566,No
649,1627,No
669,1696,No
698,1763,No
716,1785,No
0,0,No
6,75,Yes
30,197,Yes
48,273,No
176,531,No
324,857,No
397,1179,No
433,1275,No
463,1365,No
478,1440,No
568,1572,No
638,1703,No
669,1764,No
689,1833,No
718,1900,No
736,1922,No
0,0,No
40,196,Yes
62,382,Yes
189,8833,Yes
266,8965,Yes
393,9082,No
460,9340,No
472,9420,No
496,9542,No
514,9618,No
642,9876,No
790,10202,No
863,10524,No
899,10620,No
929,10710,No
944,10785,No
1034,10917,No
1104,11048,No
1135,11109,No
1155,11178,No
1184,11245,No
1202,11267,No
0,0,No
40,338,Yes
62,524,Yes
189,9216,No
266,9348,No
393,9465,No
460,9723,No
472,9803,No
496,9925,No
514,10001,No
642,10259,No
790,10585,No
863,10907,No
899,11003,No
929,11093,No
944,11168,No
1034,11300,No
1104,11431,No
1135,11492,No
1155,11561,No
1184,11628,No
1202,11650,No
0,0,No
40,7128,Yes
62,7356,No
189,22540,No
266,22672,No
393,22809,No
460,23411,No
472,23491,No
496,23715,No
514,23791,No
642,25492,No
790,25971,No
863,27555,No
899,27716,No
929,30601,No
944,30782,No
1034,31408,No
1104,31906,No
1135,32049,No
1155,32173,No
1184,32377,No
1202,32517,No
0,0,No
6,34,Yes
30,174,No
48,176,No
176,517,No
324,517,No
397,517,No
433,517,No
463,517,No
478,517,No
568,517,No
638,517,No
669,517,No
689,517,No
718,517,No
736,517,No
0,0,No
7,121,Yes
31,121,Yes
49,121,No
177,125,No
325,125,No
398,125,No
434,125,No
464,125,No
479,125,No
569,125,No
639,125,No
670,125,No
690,125,No
719,125,No
737,125,No
0,0,No
6,88,Yes
30,214,Yes
48,290,Yes
176,596,No
324,922,No
397,1425,No
433,1521,No
463,1611,No
478,1686,No
568,1818,No
638,1949,No
669,2010,No
689,2079,No
718,2146,No
736,2168,No
0,5,No
22,50,Yes
44,50,No
171,50,No
248,50,No
375,50,No
442,50,No
454,50,No
478,50,No
496,50,No
624,50,No
772,50,No
845,50,No
881,50,No
911,50,No
926,50,No
1016,50,No
1086,50,No
1117,50,No
1137,50,No
1166,50,No
1184,50,No
0,0,No
14,116,Yes
36,322,Yes
163,8811,Yes
240,8943,Yes
367,9060,No
434,9318,No
446,9398,No
470,9520,No
488,9596,No
616,9858,No
764,10190,No
837,10512,No
873,10608,No
903,10698,No
918,10773,No
1008,10905,No
1078,11036,No
1109,11097,No
1129,11166,No
1158,11233,No
1176,11255,No
0,0,No
21,0,Yes
56,0,Yes
64,0,Yes
234,0,Yes
294,0,Yes
316,0,Yes
443,0,Yes
520,0,Yes
647,0,No
714,0,No
726,0,No
750,0,No
768,0,No
896,0,No
1044,0,No
1117,0,No
1153,0,No
1183,0,No
1198,0,No
1288,0,No
1358,0,No
1389,0,No
1409,0,No
1438,0,No
1456,0,No
0,0,No
9,30,Yes
21,110,Yes
45,232,No
63,308,No
191,566,No
339,892,No
412,1214,No
448,1310,No
478,1400,No
493,1475,No
583,1607,No
653,1738,No
684,1799,No
704,1868,No
733,1935,No
751,1957,No
0,10,No
0,20,Yes
22,192,Yes
149,212,Yes
226,212,Yes
353,215,Yes
420,260,Yes
432,260,Yes
456,260,No
474,319,No
602,694,No
750,735,No
823,735,No
859,735,No
889,735,No
904,735,No
994,735,No
1064,735,No
1095,735,No
1115,735,No
1144,735,No
1162,735,No
0,0,No
21,185,Yes
33,292,No
57,478,No
75,572,No
203,1232,No
351,1731,No
424,2233,No
460,2418,No
490,2895,No
505,3018,No
595,3258,No
665,3563,No
696,3719,No
716,3859,No
745,4015,No
763,4042,No
0,0,No
123,2221,Yes
271,2773,No
344,3339,No
380,3435,No
410,3525,No
425,3600,No
515,3732,No
585,3863,No
616,3924,No
636,3993,No
665,4060,No
683,4082,No
0,0,No
1,8,Yes
149,271,No
222,271,No
258,271,No
288,271,No
303,271,No
393,271,No
463,271,No
494,271,No
514,271,No
543,271,No
561,271,No
0,0,No
8,83,Yes
32,269,No
50,363,No
178,1023,No
326,1522,No
399,2024,No
435,2209,No
465,2686,No
480,2809,No
570,3049,No
640,3354,No
671,3510,No
691,3650,No
720,3806,No
738,3833,No
0,0,No
13,108,Yes
35,294,Yes
162,8745,No
239,8877,No
366,8994,No
433,9252,No
445,9332,No
469,9454,No
487,9530,No
615,9788,No
763,10114,No
836,10436,No
872,10532,No
902,10622,No
917,10697,No
1007,10829,No
1077,10960,No
1108,11021,No
1128,11090,No
1157,11157,No
1175,11179,No
0,0,No
23,35,Yes
59,35,No
89,128,No
104,128,No
194,128,No
264,128,No
295,128,No
315,128,No
344,128,No
362,128,No
0,116,No
0,252,Yes
22,666,Yes
149,9664,No
226,9796,No
353,9913,No
420,10171,No
432,10251,No
456,10373,No
474,10449,No
602,10707,No
750,11033,No
823,11355,No
859,11451,No
889,11541,No
904,11616,No
994,11748,No
1064,11879,No
1095,11940,No
1115,12009,No
1144,12076,No
1162,12098,No
0,0,No
5,16,Yes
13,55,Yes
183,627,No
243,850,No
265,1036,No
392,9487,No
469,9619,No
596,9736,No
663,9994,No
675,10074,No
699,10196,No
717,10272,No
845,10530,No
993,10856,No
1066,11178,No
1102,11274,No
1132,11364,No
1147,11439,No
1237,11571,No
1307,11702,No
1338,11763,No
1358,11832,No
1387,11899,No
1405,11921,No
0,0,No
11,72,Yes
33,258,Yes
160,8709,No
237,8841,No
364,8958,No
431,9216,No
443,9296,No
467,9418,No
485,9494,No
613,9752,No
761,10078,No
834,10400,No
870,10496,No
900,10586,No
915,10661,No
1005,10793,No
1075,10924,No
1106,10985,No
1126,11054,No
1155,11121,No
1173,11143,No
0,2,No
2,58,Yes
24,58,Yes
151,58,No
228,58,No
355,58,No
422,58,No
434,58,No
458,58,No
476,58,No
604,58,No
752,58,No
825,58,No
861,58,No
891,58,No
906,58,No
996,58,No
1066,58,No
1097,58,No
1117,58,No
1146,58,No
1164,58,No
0,0,No
40,365,Yes
62,942,Yes
189,1076,Yes
266,1076,Yes
393,1076,Yes
460,1279,Yes
472,1279,Yes
496,1279,Yes
514,1307,Yes
642,2043,Yes
790,2043,Yes
863,2043,No
899,2043,No
929,2043,No
944,2043,No
1034,2043,No
1104,2043,No
1135,2043,No
1155,2043,No
1184,2043,No
1202,2043,No
0,137,No
14,717,Yes
141,9335,No
218,9482,No
345,9644,No
412,9999,No
424,10081,No
448,10220,No
466,10315,No
594,10689,No
742,11058,No
815,11633,No
851,11762,No
881,11852,No
896,12034,No
986,12166,No
1056,12414,No
1087,12475,No
1107,12544,No
1136,12611,No
1154,12633,No
0,12,No
0,24,Yes
22,213,Yes
149,8676,No
226,8808,No
353,8925,No
420,9183,No
432,9263,No
456,9387,No
474,9463,No
602,9757,No
750,10127,No
823,10451,No
859,10547,No
889,10637,No
904,10712,No
994,10844,No
1064,10975,No
1095,11036,No
1115,11105,No
1144,11172,No
1162,11194,No
0,7,No
0,83,Yes
22,159,Yes
149,226,No
226,226,No
353,226,No
420,276,No
432,276,No
456,421,No
474,421,No
602,421,No
750,421,No
823,421,No
859,421,No
889,421,No
904,421,No
994,421,No
1064,421,No
1095,421,No
1115,421,No
1144,421,No
1162,421,No
0,5,No
146,522,Yes
206,848,No
228,1086,No
355,15033,No
432,15230,No
559,15420,No
626,16103,No
638,16210,No
662,16396,No
680,16490,No
808,17150,No
956,17649,No
1029,18151,No
1065,18336,No
1095,18813,No
1110,18936,No
1200,19176,No
1270,19481,No
1301,19637,No
1321,19777,No
1350,19933,No
1368,19960,No
0,0,No
12,7,Yes
24,7,Yes
48,7,Yes
66,7,Yes
194,1094,Yes
342,1094,No
415,1226,No
451,1226,No
481,1226,No
496,1226,No
586,1226,No
656,1226,No
687,1226,No
707,1226,No
736,1226,No
754,1226,No
0,0,No
38,205,Yes
50,285,Yes
74,407,No
92,483,No
220,741,No
368,1067,No
441,1389,No
477,1485,No
507,1575,No
522,1650,No
612,1782,No
682,1913,No
713,1974,No
733,2043,No
762,2110,No
780,2132,No
0,0,No
40,196,Yes
62,382,No
189,8833,No
266,8965,No
393,9082,No
460,9340,No
472,9420,No
496,9542,No
514,9618,No
642,9876,No
790,10202,No
863,10524,No
899,10620,No
929,10710,No
944,10785,No
1034,10917,No
1104,11048,No
1135,11109,No
1155,11178,No
1184,11245,No
1202,11267,No
0,0,No
49,288,Yes
71,474,Yes
198,8955,No
275,9087,No
402,9204,No
469,9462,No
481,9548,No
505,9670,No
523,9746,No
651,10010,No
799,10342,No
872,10664,No
908,10760,No
938,10850,No
953,10925,No
1043,11057,No
1113,11188,No
1144,11249,No
1164,11318,No
1193,11385,No
1211,11407,No
0,0,No
40,1914,Yes
62,2390,Yes
189,11680,No
266,11836,No
393,11953,No
460,12247,No
472,12332,No
496,12489,No
514,12587,No
642,13178,No
790,13659,No
863,13981,No
899,14077,No
929,14167,No
944,14242,No
1034,14374,No
1104,14505,No
1135,14566,No
1155,14635,No
1184,14702,No
1202,14724,No
0,0,No
125,542,Yes
273,912,No
346,1236,No
382,1332,No
412,1422,No
427,1497,No
517,1629,No
587,1760,No
618,1821,No
638,1890,No
667,1957,No
685,1979,No
0,0,No
90,97,Yes
150,335,Yes
172,335,No
299,335,No
376,335,No
503,335,No
570,335,No
582,335,No
606,335,No
624,335,No
752,335,No
900,335,No
973,335,No
1009,335,No
1039,335,No
1054,335,No
1144,335,No
1214,335,No
1245,335,No
1265,335,No
1294,335,No
1312,335,No
0,3,No
117,336,Yes
177,559,No
199,745,No
326,9196,No
403,9328,No
530,9445,No
597,9703,No
609,9783,No
633,9905,No
651,9981,No
779,10239,No
927,10565,No
1000,10887,No
1036,10983,No
1066,11073,No
1081,11148,No
1171,11280,No
1241,11411,No
1272,11472,No
1292,11541,No
1321,11608,No
1339,11630,No
0,5,No
105,8414,Yes
182,8546,No
309,8663,No
376,8924,No
388,9004,No
412,9126,No
430,9202,No
558,9460,No
706,9786,No
779,10108,No
815,10204,No
845,10294,No
860,10369,No
950,10501,No
1020,10632,No
1051,10693,No
1071,10762,No
1100,10829,No
1118,10851,No
0,0,No
18,49,Yes
30,49,Yes
54,303,Yes
72,303,Yes
200,328,Yes
348,328,Yes
421,328,No
457,328,No
487,328,No
502,328,No
592,328,No
662,328,No
693,328,No
713,328,No
742,328,No
760,328,No
0,15,No
119,8477,Yes
196,8833,Yes
323,8952,Yes
390,9295,No
402,9375,No
426,9500,No
444,9578,No
572,9874,No
720,10204,No
793,10575,No
829,10671,No
859,10761,No
874,10836,No
964,10968,No
1034,11099,No
1065,11160,No
1085,11229,No
1114,11296,No
1132,11318,No
0,5,No
102,13861,Yes
179,14058,No
306,14248,No
373,14931,No
385,15038,No
409,15224,No
427,15318,No
555,15978,No
703,16477,No
776,16979,No
812,17164,No
842,17641,No
857,17764,No
947,18004,No
1017,18309,No
1048,18465,No
1068,18605,No
1097,18761,No
1115,18788,No
0,3,No
112,315,Yes
172,538,No
194,724,No
321,9175,No
398,9307,No
525,9424,No
592,9682,No
604,9762,No
628,9884,No
646,9960,No
774,10218,No
922,10544,No
995,10866,No
1031,10962,No
1061,11052,No
1076,11127,No
1166,11259,No
1236,11390,No
1267,11451,No
1287,11520,No
1316,11587,No
1334,11609,No
0,71,No
14,213,Yes
141,226,No
218,226,No
345,228,No
412,263,No
424,263,No
448,263,No
466,263,No
594,287,No
742,287,No
815,287,No
851,287,No
881,287,No
896,287,No
986,287,No
1056,287,No
1087,287,No
1107,287,No
1136,287,No
1154,287,No
0,261,No
8,1410,Yes
135,9980,No
212,10112,No
339,10229,No
406,10487,No
418,10567,No
442,10689,No
460,10778,No
588,11036,No
736,11362,No
809,11684,No
845,11780,No
875,11870,No
890,11945,No
980,12077,No
1050,12208,No
1081,12269,No
1101,12338,No
1130,12405,No
1148,12427,No
0,43,No
137,165,Yes
197,165,No
219,165,No
346,180,No
423,180,No
550,180,No
617,180,No
629,180,No
653,180,No
671,180,No
799,320,No
947,320,No
1020,320,No
1056,320,No
1086,320,No
1101,320,No
1191,320,No
1261,320,No
1292,320,No
1312,320,No
1341,320,No
1359,320,No
0,0,No
119,861,Yes
267,861,Yes
340,861,Yes
376,861,No
406,861,No
421,861,No
511,861,No
581,861,No
612,861,No
632,861,No
661,861,No
679,861,No
0,65,No
23,190,Yes
35,270,Yes
59,392,Yes
77,508,Yes
205,789,Yes
353,1162,Yes
426,1777,No
462,1873,No
492,1963,No
507,2038,No
597,2170,No
667,2301,No
698,2362,No
718,2431,No
747,2498,No
765,2520,No
0,9,No
14,130,Yes
141,8581,No
218,8713,No
345,8830,No
412,9088,No
424,9168,No
448,9290,No
466,9366,No
594,9624,No
742,9950,No
815,10272,No
851,10368,No
881,10458,No
896,10533,No
986,10665,No
1056,10796,No
1087,10857,No
1107,10926,No
1136,10993,No
1154,11015,No
0,7,No
126,71,Yes
203,71,No
330,71,No
397,71,No
409,71,No
433,71,No
451,71,No
579,71,No
727,71,No
800,71,No
836,71,No
866,71,No
881,71,No
971,71,No
1041,71,No
1072,71,No
1092,71,No
1121,71,No
1139,71,No
0,273,No
132,1608,Yes
192,1837,No
214,2116,No
341,11443,No
418,11575,No
545,11694,No
612,11959,No
624,12039,No
648,12161,No
666,12237,No
794,12643,No
942,12969,No
1015,13291,No
1051,13387,No
1081,13477,No
1096,13552,No
1186,13684,No
1256,13815,No
1287,13876,No
1307,13945,No
1336,14012,No
1354,14034,No
0,0,No
64,5,Yes
99,5,Yes
107,5,Yes
277,5,Yes
337,5,Yes
359,5,Yes
486,5,Yes
563,5,Yes
690,5,Yes
757,5,Yes
769,5,Yes
793,5,Yes
811,5,Yes
939,5,Yes
1087,5,Yes
1160,5,Yes
1196,5,Yes
1226,5,Yes
1241,5,Yes
1331,5,Yes
1401,5,Yes
1432,5,No
1452,5,No
1481,5,No
1499,5,No
0,2,No
130,23,Yes
190,31,No
212,173,No
339,186,No
416,186,No
543,188,No
610,223,No
622,223,No
646,223,No
664,223,No
792,247,No
940,247,No
1013,247,No
1049,247,No
1079,247,No
1094,247,No
1184,247,No
1254,247,No
1285,247,No
1305,247,No
1334,247,No
1352,247,No
0,0,No
128,423,Yes
188,722,No
210,908,No
337,9359,No
414,9491,No
541,9608,No
608,9866,No
620,9946,No
644,10068,No
662,10144,No
790,10402,No
938,10728,No
1011,11050,No
1047,11146,No
1077,11236,No
1092,11311,No
1182,11443,No
1252,11574,No
1283,11635,No
1303,11704,No
1332,11771,No
1350,11793,No