Key,Closed Bugs,Closed Bugs w/o Affect Version,Percent w/o AV,Total Releases,Releases without Release Dates,Percent Releases w/o Dates,Num Bugs w/ AV after Fix,Percent Bugs w/ AV after Fix (out of Bugs w/ AV),Num Bugs w/ AV w/o Release Dates,Percent Bugs w/ AV w/o Release Date (out of Bugs w/ AV),Num Bugs w/ AV w/ Weird Names, Percent Bugs w/ AV w/ Weird Names (out of Bugs w/ AV),Num Bugs Missing Creation/Resolution Date,Percent Bugs Missing Creation/Resolution Date(out of Bugs w/ AV),Total Bugs w/ AV and a Problem,Percent Closed Bugs w/ AV and a Problem(out of Bugs w/ AV),Percent Closed Bugs w/ Problem Including Missing AV(out of Closed Bugs)
ACE,147.0,106.0,0.7210884353741497,6.0,1.0,0.16666666666666666,0.0,0.0,0.0,0.0,0.0,0.0,0.0,0.0,0.0,0.0,0.7210884353741497
AMQ,1290.0,118.0,0.09147286821705426,89.0,30.0,0.33707865168539325,16.0,0.013651877133105802,102.0,0.08703071672354949,0.0,0.0,0.0,0.0,118.0,0.10068259385665529,0.18294573643410852
AMQNET,191.0,78.0,0.4083769633507853,25.0,3.0,0.12,4.0,0.035398230088495575,0.0,0.0,0.0,0.0,0.0,0.0,4.0,0.035398230088495575,0.4293193717277487
ARTEMIS,967.0,236.0,0.24405377456049637,28.0,9.0,0.32142857142857145,11.0,0.015047879616963064,122.0,0.16689466484268126,0.0,0.0,0.0,0.0,133.0,0.18194254445964433,0.3815925542916236
AMQCPP,143.0,12.0,0.08391608391608392,56.0,8.0,0.14285714285714285,2.0,0.015267175572519083,0.0,0.0,0.0,0.0,0.0,0.0,2.0,0.015267175572519083,0.0979020979020979
AIRAVATA,820.0,354.0,0.4317073170731707,22.0,3.0,0.13636363636363635,30.0,0.06437768240343347,29.0,0.06223175965665236,0.0,0.0,0.0,0.0,59.0,0.12660944206008584,0.5036585365853659
AIRFLOW,432.0,216.0,0.5,21.0,2.0,0.09523809523809523,6.0,0.027777777777777776,21.0,0.09722222222222222,0.0,0.0,0.0,0.0,25.0,0.11574074074074074,0.5578703703703703
APEXCORE,202.0,163.0,0.806930693069307,17.0,7.0,0.4117647058823529,2.0,0.05128205128205128,1.0,0.02564102564102564,0.0,0.0,0.0,0.0,3.0,0.07692307692307693,0.8217821782178217
APEXMALHAR,416.0,395.0,0.9495192307692307,32.0,9.0,0.28125,0.0,0.0,0.0,0.0,0.0,0.0,0.0,0.0,0.0,0.0,0.9495192307692307
ARROW,144.0,85.0,0.5902777777777778,24.0,5.0,0.20833333333333334,0.0,0.0,0.0,0.0,0.0,0.0,0.0,0.0,0.0,0.0,0.5902777777777778
ASTERIXDB,1106.0,1102.0,0.9963833634719711,4.0,2.0,0.5,0.0,0.0,0.0,0.0,0.0,0.0,0.0,0.0,0.0,0.0,0.9963833634719711
AVRO,580.0,199.0,0.3431034482758621,35.0,7.0,0.2,7.0,0.01837270341207349,19.0,0.049868766404199474,0.0,0.0,0.0,0.0,26.0,0.06824146981627296,0.3879310344827586
AWF,134.0,134.0,1.0,0.0,0.0,NaN,0.0,NaN,0.0,NaN,0.0,NaN,0.0,NaN,0.0,NaN,1.0
BLUR,175.0,23.0,0.13142857142857142,7.0,4.0,0.5714285714285714,0.0,0.0,55.0,0.3618421052631579,5.0,0.03289473684210526,0.0,0.0,60.0,0.39473684210526316,0.4742857142857143
CB,7679.0,2894.0,0.3768719885401745,160.0,118.0,0.7375,4.0,8.359456635318704E-4,1035.0,0.21630094043887146,450.0,0.09404388714733543,0.0,0.0,1474.0,0.3080459770114943,0.568824065633546
DLAB,104.0,104.0,1.0,2.0,0.0,0.0,0.0,NaN,0.0,NaN,0.0,NaN,0.0,NaN,0.0,NaN,1.0
DRILL,1299.0,551.0,0.4241724403387221,27.0,3.0,0.1111111111111111,12.0,0.016042780748663103,0.0,0.0,2.0,0.00267379679144385,0.0,0.0,14.0,0.01871657754010695,0.43494996150885296
FINERACT,242.0,201.0,0.8305785123966942,7.0,5.0,0.7142857142857143,0.0,0.0,20.0,0.4878048780487805,0.0,0.0,0.0,0.0,20.0,0.4878048780487805,0.9132231404958677
FLEX,26332.0,38.0,0.001443111043597144,75.0,17.0,0.22666666666666666,1025.0,0.03898227732562562,3.0,1.1409447022134328E-4,21243.0,0.8079029436373317,0.0,0.0,22271.0,0.8469993154331786,0.847220112410755
HAWQ,508.0,434.0,0.8543307086614174,9.0,5.0,0.5555555555555556,45.0,0.6081081081081081,0.0,0.0,2.0,0.02702702702702703,0.0,0.0,47.0,0.6351351351351351,0.9468503937007874
JENA,845.0,223.0,0.263905325443787,67.0,2.0,0.029850746268656716,70.0,0.11254019292604502,2.0,0.003215434083601286,0.0,0.0,0.0,0.0,71.0,0.11414790996784566,0.3479289940828402
LENS,360.0,247.0,0.6861111111111111,10.0,2.0,0.2,8.0,0.07079646017699115,0.0,0.0,0.0,0.0,0.0,0.0,8.0,0.07079646017699115,0.7083333333333334
MADLIB,424.0,422.0,0.9952830188679245,32.0,0.0,0.0,0.0,0.0,0.0,0.0,0.0,0.0,0.0,0.0,0.0,0.0,0.9952830188679245
ROL,1296.0,364.0,0.2808641975308642,55.0,44.0,0.8,18.0,0.019313304721030045,813.0,0.8723175965665236,0.0,0.0,0.0,0.0,829.0,0.8894849785407726,0.9205246913580247
STORM,147.0,61.0,0.41496598639455784,34.0,9.0,0.2647058823529412,0.0,0.0,28.0,0.32558139534883723,0.0,0.0,0.0,0.0,28.0,0.32558139534883723,0.6054421768707483
TEZ,1327.0,1061.0,0.7995478522984175,34.0,12.0,0.35294117647058826,35.0,0.13157894736842105,4.0,0.015037593984962405,0.0,0.0,0.0,0.0,39.0,0.14661654135338345,0.8289374529012811
MTOMCAT,126.0,16.0,0.12698412698412698,12.0,5.0,0.4166666666666667,0.0,0.0,2.0,0.01818181818181818,0.0,0.0,0.0,0.0,2.0,0.01818181818181818,0.14285714285714285
TRAFODION,1816.0,1403.0,0.7725770925110133,15.0,11.0,0.7333333333333333,28.0,0.06779661016949153,112.0,0.2711864406779661,47.0,0.11380145278450363,0.0,0.0,185.0,0.44794188861985473,0.8744493392070485
MRM,1045.0,180.0,0.1722488038277512,46.0,7.0,0.15217391304347827,46.0,0.05317919075144509,0.0,0.0,1.0,0.0011560693641618498,0.0,0.0,47.0,0.05433526011560694,0.21722488038277513
ARIES,285.0,149.0,0.5228070175438596,279.0,114.0,0.40860215053763443,12.0,0.08823529411764706,27.0,0.19852941176470587,0.0,0.0,0.0,0.0,39.0,0.2867647058823529,0.6596491228070176
AXIOM,268.0,231.0,0.8619402985074627,24.0,2.0,0.08333333333333333,0.0,0.0,0.0,0.0,0.0,0.0,0.0,0.0,0.0,0.0,0.8619402985074627
AXIS,329.0,139.0,0.42249240121580545,22.0,3.0,0.13636363636363635,1.0,0.005263157894736842,0.0,0.0,0.0,0.0,0.0,0.0,1.0,0.005263157894736842,0.425531914893617
AXISCPP,712.0,254.0,0.35674157303370785,20.0,20.0,1.0,0.0,0.0,260.0,0.5676855895196506,201.0,0.4388646288209607,0.0,0.0,458.0,1.0,1.0
AXIS2,381.0,188.0,0.49343832020997375,42.0,5.0,0.11904761904761904,4.0,0.02072538860103627,4.0,0.02072538860103627,26.0,0.13471502590673576,0.0,0.0,34.0,0.17616580310880828,0.5826771653543307
AXIS2C,361.0,114.0,0.3157894736842105,23.0,3.0,0.13043478260869565,0.0,0.0,7.0,0.02834008097165992,140.0,0.5668016194331984,0.0,0.0,146.0,0.5910931174089069,0.7202216066481995
BEAM,643.0,531.0,0.8258164852255054,23.0,5.0,0.21739130434782608,5.0,0.044642857142857144,0.0,0.0,9.0,0.08035714285714286,0.0,0.0,14.0,0.125,0.8475894245723172
BEEHIVE,771.0,81.0,0.10505836575875487,7.0,1.0,0.14285714285714285,50.0,0.07246376811594203,0.0,0.0,3.0,0.004347826086956522,0.0,0.0,53.0,0.07681159420289856,0.17380025940337224
BIGTOP,771.0,134.0,0.17380025940337224,19.0,6.0,0.3157894736842105,48.0,0.07535321821036106,2.0,0.0031397174254317113,0.0,0.0,0.0,0.0,50.0,0.07849293563579278,0.23865110246433205
BOOKKEEPER,269.0,157.0,0.5836431226765799,14.0,0.0,0.0,1.0,0.008928571428571428,0.0,0.0,0.0,0.0,1.0,0.008928571428571428,2.0,0.017857142857142856,0.5910780669144982
BUILDR,398.0,58.0,0.1457286432160804,37.0,1.0,0.02702702702702703,3.0,0.008823529411764706,0.0,0.0,0.0,0.0,0.0,0.0,3.0,0.008823529411764706,0.15326633165829145
STDCXX,431.0,82.0,0.1902552204176334,10.0,2.0,0.2,0.0,0.0,13.0,0.03724928366762178,0.0,0.0,0.0,0.0,13.0,0.03724928366762178,0.22041763341067286
CACTUS,128.0,55.0,0.4296875,18.0,15.0,0.8333333333333334,0.0,0.0,67.0,0.9178082191780822,0.0,0.0,0.0,0.0,67.0,0.9178082191780822,0.953125
CALCITE,1421.0,1066.0,0.7501759324419423,41.0,6.0,0.14634146341463414,4.0,0.011267605633802818,0.0,0.0,5.0,0.014084507042253521,0.0,0.0,9.0,0.02535211267605634,0.7565095003518649
CAMEL,1491.0,209.0,0.14017437961099932,133.0,10.0,0.07518796992481203,62.0,0.0483619344773791,0.0,0.0,1.0,7.8003120124805E-4,0.0,0.0,63.0,0.04914196567862714,0.18242790073775988
CARBONDATA,251.0,84.0,0.3346613545816733,19.0,5.0,0.2631578947368421,0.0,0.0,0.0,0.0,1.0,0.005988023952095809,0.0,0.0,1.0,0.005988023952095809,0.3386454183266932
CAY,1060.0,128.0,0.12075471698113208,51.0,21.0,0.4117647058823529,212.0,0.22746781115879827,417.0,0.44742489270386265,1.0,0.001072961373390558,0.0,0.0,595.0,0.6384120171673819,0.6820754716981132
CELIX,214.0,192.0,0.897196261682243,7.0,4.0,0.5714285714285714,0.0,0.0,1.0,0.045454545454545456,2.0,0.09090909090909091,0.0,0.0,3.0,0.13636363636363635,0.9112149532710281
CLEREZZA,176.0,176.0,1.0,2.0,2.0,1.0,0.0,NaN,0.0,NaN,0.0,NaN,0.0,NaN,0.0,NaN,1.0
CLK,226.0,170.0,0.7522123893805309,24.0,22.0,0.9166666666666666,2.0,0.03571428571428571,50.0,0.8928571428571429,0.0,0.0,0.0,0.0,52.0,0.9285714285714286,0.9823008849557522
COCOON,1474.0,35.0,0.023744911804613297,31.0,3.0,0.0967741935483871,142.0,0.09867963863794302,278.0,0.1931897150799166,0.0,0.0,0.0,0.0,420.0,0.2918693537178596,0.30868385345997285
BCEL,110.0,31.0,0.2818181818181818,11.0,4.0,0.36363636363636365,0.0,0.0,13.0,0.16455696202531644,20.0,0.25316455696202533,0.0,0.0,33.0,0.4177215189873418,0.5818181818181818
BEANUTILS,241.0,53.0,0.21991701244813278,21.0,5.0,0.23809523809523808,0.0,0.0,0.0,0.0,32.0,0.1702127659574468,0.0,0.0,32.0,0.1702127659574468,0.35269709543568467
CLI,144.0,39.0,0.2708333333333333,11.0,5.0,0.45454545454545453,0.0,0.0,6.0,0.05714285714285714,11.0,0.10476190476190476,0.0,0.0,17.0,0.1619047619047619,0.3888888888888889
COLLECTIONS,310.0,59.0,0.19032258064516128,18.0,4.0,0.2222222222222222,5.0,0.0199203187250996,7.0,0.027888446215139442,36.0,0.14342629482071714,0.0,0.0,45.0,0.17928286852589642,0.33548387096774196
CONFIGURATION,286.0,39.0,0.13636363636363635,23.0,4.0,0.17391304347826086,1.0,0.004048582995951417,11.0,0.044534412955465584,21.0,0.08502024291497975,0.0,0.0,31.0,0.12550607287449392,0.24475524475524477
DBCP,329.0,85.0,0.25835866261398177,23.0,7.0,0.30434782608695654,5.0,0.020491803278688523,2.0,0.00819672131147541,32.0,0.13114754098360656,0.0,0.0,38.0,0.1557377049180328,0.3738601823708207
FILEUPLOAD,162.0,33.0,0.2037037037037037,16.0,3.0,0.1875,0.0,0.0,1.0,0.007751937984496124,11.0,0.08527131782945736,0.0,0.0,12.0,0.09302325581395349,0.2777777777777778
IO,219.0,52.0,0.2374429223744292,17.0,2.0,0.11764705882352941,1.0,0.005988023952095809,3.0,0.017964071856287425,0.0,0.0,0.0,0.0,3.0,0.017964071856287425,0.2511415525114155
JCS,105.0,30.0,0.2857142857142857,12.0,3.0,0.25,6.0,0.08,0.0,0.0,0.0,0.0,0.0,0.0,6.0,0.08,0.34285714285714286
LANG,585.0,159.0,0.2717948717948718,31.0,8.0,0.25806451612903225,7.0,0.01643192488262911,5.0,0.011737089201877934,0.0,0.0,0.0,0.0,12.0,0.028169014084507043,0.2923076923076923
LOGGING,111.0,27.0,0.24324324324324326,13.0,3.0,0.23076923076923078,0.0,0.0,3.0,0.03571428571428571,19.0,0.2261904761904762,0.0,0.0,21.0,0.25,0.43243243243243246
MATH,567.0,190.0,0.3350970017636684,19.0,3.0,0.15789473684210525,16.0,0.042440318302387266,5.0,0.013262599469496022,0.0,0.0,0.0,0.0,21.0,0.05570291777188329,0.37213403880070545
NET,398.0,65.0,0.16331658291457288,22.0,4.0,0.18181818181818182,0.0,0.0,6.0,0.018018018018018018,17.0,0.05105105105105105,0.0,0.0,23.0,0.06906906906906907,0.22110552763819097
POOL,180.0,47.0,0.2611111111111111,32.0,6.0,0.1875,9.0,0.06766917293233082,0.0,0.0,8.0,0.06015037593984962,0.0,0.0,17.0,0.12781954887218044,0.35555555555555557
VALIDATOR,210.0,57.0,0.2714285714285714,16.0,3.0,0.1875,0.0,0.0,0.0,0.0,45.0,0.29411764705882354,0.0,0.0,45.0,0.29411764705882354,0.4857142857142857
VFS,216.0,63.0,0.2916666666666667,9.0,4.0,0.4444444444444444,0.0,0.0,0.0,0.0,34.0,0.2222222222222222,0.0,0.0,34.0,0.2222222222222222,0.44907407407407407
CONTINUUM,1356.0,261.0,0.19247787610619468,35.0,5.0,0.14285714285714285,25.0,0.0228310502283105,29.0,0.026484018264840183,0.0,0.0,0.0,0.0,54.0,0.049315068493150684,0.2323008849557522
COUCHDB,1261.0,681.0,0.5400475812846947,40.0,9.0,0.225,56.0,0.09655172413793103,3.0,0.005172413793103448,0.0,0.0,0.0,0.0,59.0,0.10172413793103448,0.5868358445678034
CRUNCH,301.0,140.0,0.46511627906976744,18.0,1.0,0.05555555555555555,5.0,0.031055900621118012,0.0,0.0,0.0,0.0,0.0,0.0,5.0,0.031055900621118012,0.48172757475083056
CXF,4639.0,847.0,0.18258245311489546,167.0,6.0,0.03592814371257485,263.0,0.06935654008438819,0.0,0.0,0.0,0.0,0.0,0.0,263.0,0.06935654008438819,0.23927570597111447
DOSGI,119.0,48.0,0.40336134453781514,16.0,2.0,0.125,0.0,0.0,0.0,0.0,0.0,0.0,0.0,0.0,0.0,0.0,0.40336134453781514
DAFFODIL,814.0,410.0,0.5036855036855037,29.0,4.0,0.13793103448275862,10.0,0.024752475247524754,0.0,0.0,0.0,0.0,0.0,0.0,10.0,0.024752475247524754,0.515970515970516
DTACLOUD,364.0,364.0,1.0,0.0,0.0,NaN,0.0,NaN,0.0,NaN,0.0,NaN,0.0,NaN,0.0,NaN,1.0
DELTASPIKE,388.0,50.0,0.12886597938144329,34.0,2.0,0.058823529411764705,0.0,0.0,0.0,0.0,0.0,0.0,0.0,0.0,0.0,0.0,0.12886597938144329
DERBY,3503.0,361.0,0.10305452469312018,53.0,23.0,0.4339622641509434,757.0,0.24092934436664545,177.0,0.05633354551241248,0.0,0.0,0.0,0.0,905.0,0.2880330999363463,0.36140451041964033
DIRSERVER,921.0,209.0,0.2269272529858849,50.0,9.0,0.18,211.0,0.29634831460674155,14.0,0.019662921348314606,0.0,0.0,0.0,0.0,225.0,0.3160112359550562,0.47122692725298587
DIRAPI,100.0,14.0,0.14,45.0,4.0,0.08888888888888889,0.0,0.0,0.0,0.0,0.0,0.0,0.0,0.0,0.0,0.0,0.14
DIRSTUDIO,418.0,42.0,0.10047846889952153,32.0,4.0,0.125,2.0,0.005319148936170213,2.0,0.005319148936170213,0.0,0.0,0.0,0.0,4.0,0.010638297872340425,0.11004784688995216
EAGLE,139.0,45.0,0.3237410071942446,9.0,7.0,0.7777777777777778,0.0,0.0,46.0,0.48936170212765956,0.0,0.0,0.0,0.0,46.0,0.48936170212765956,0.6546762589928058
FALCON,175.0,74.0,0.4228571428571429,14.0,6.0,0.42857142857142855,26.0,0.25742574257425743,0.0,0.0,9.0,0.0891089108910891,0.0,0.0,34.0,0.33663366336633666,0.6171428571428571
FELIX,2327.0,542.0,0.23291792006875806,756.0,93.0,0.12301587301587301,27.0,0.015126050420168067,23.0,0.01288515406162465,0.0,0.0,0.0,0.0,50.0,0.028011204481792718,0.25440481306403095
FLINK,3175.0,1341.0,0.42236220472440944,65.0,19.0,0.2923076923076923,474.0,0.2584514721919302,301.0,0.16412213740458015,0.0,0.0,0.0,0.0,745.0,0.40621592148309704,0.657007874015748
FLUME,239.0,58.0,0.24267782426778242,28.0,13.0,0.4642857142857143,1.0,0.0055248618784530384,83.0,0.4585635359116022,0.0,0.0,0.0,0.0,84.0,0.46408839779005523,0.5941422594142259
FOP,1723.0,54.0,0.03134068485200232,23.0,16.0,0.6956521739130435,0.0,0.0,764.0,0.45775913720790895,730.0,0.4373876572798083,0.0,0.0,1494.0,0.8951467944877172,0.8984329657573998
FOR,365.0,60.0,0.1643835616438356,13.0,11.0,0.8461538461538461,0.0,0.0,187.0,0.6131147540983607,0.0,0.0,0.0,0.0,187.0,0.6131147540983607,0.6767123287671233
FTPSERVER,204.0,61.0,0.29901960784313725,18.0,3.0,0.16666666666666666,4.0,0.027972027972027972,1.0,0.006993006993006993,0.0,0.0,0.0,0.0,4.0,0.027972027972027972,0.31862745098039214
GEODE,2513.0,2186.0,0.8698766414643851,16.0,2.0,0.125,48.0,0.14678899082568808,0.0,0.0,0.0,0.0,0.0,0.0,48.0,0.14678899082568808,0.8889773179466772
GERONIMO,352.0,128.0,0.36363636363636365,97.0,51.0,0.5257731958762887,0.0,0.0,223.0,0.9955357142857143,0.0,0.0,0.0,0.0,223.0,0.9955357142857143,0.9971590909090909
GERONIMODEVTOOLS,217.0,55.0,0.2534562211981567,26.0,7.0,0.2692307692307692,39.0,0.24074074074074073,22.0,0.13580246913580246,0.0,0.0,0.0,0.0,57.0,0.35185185185185186,0.5161290322580645
GROOVY,5145.0,867.0,0.16851311953352768,194.0,8.0,0.041237113402061855,84.0,0.019635343618513323,16.0,0.0037400654511453952,0.0,0.0,0.0,0.0,100.0,0.02337540906965872,0.1879494655004859
HADOOP,3835.0,1175.0,0.30638852672750977,186.0,50.0,0.26881720430107525,846.0,0.3180451127819549,87.0,0.03270676691729323,10.0,0.0037593984962406013,0.0,0.0,909.0,0.34172932330827066,0.5434159061277706
HDFS,1885.0,422.0,0.22387267904509284,144.0,64.0,0.4444444444444444,592.0,0.40464798359535203,39.0,0.026657552973342446,3.0,0.002050580997949419,0.0,0.0,619.0,0.4231032125768968,0.5522546419098143
MAPREDUCE,1661.0,380.0,0.22877784467188442,110.0,29.0,0.2636363636363636,606.0,0.47306791569086654,34.0,0.02654176424668228,2.0,0.00156128024980484,0.0,0.0,628.0,0.49024199843871974,0.6068633353401566
YARN,871.0,301.0,0.3455797933409874,96.0,36.0,0.375,98.0,0.17192982456140352,0.0,0.0,1.0,0.0017543859649122807,0.0,0.0,99.0,0.1736842105263158,0.4592422502870264
HARMONY,3137.0,2938.0,0.9365635957921581,17.0,2.0,0.11764705882352941,0.0,0.0,0.0,0.0,0.0,0.0,0.0,0.0,0.0,0.0,0.9365635957921581
HBASE,5187.0,2459.0,0.47406978985926357,223.0,54.0,0.242152466367713,935.0,0.34274193548387094,18.0,0.006598240469208211,0.0,0.0,0.0,0.0,943.0,0.3456744868035191,0.6558704453441295
HCATALOG,207.0,60.0,0.2898550724637681,9.0,6.0,0.6666666666666666,1.0,0.006802721088435374,58.0,0.3945578231292517,0.0,0.0,0.0,0.0,58.0,0.3945578231292517,0.5700483091787439
HIVE,5334.0,2592.0,0.4859392575928009,75.0,37.0,0.49333333333333335,315.0,0.11487964989059081,259.0,0.09445660102115244,0.0,0.0,0.0,0.0,541.0,0.19730123997082422,0.5873640794900638
HTTPCLIENT,1144.0,197.0,0.17220279720279721,90.0,7.0,0.07777777777777778,10.0,0.010559662090813094,1.0,0.0010559662090813093,2.0,0.0021119324181626186,0.0,0.0,13.0,0.013727560718057022,0.18356643356643357
HTTPCORE,214.0,43.0,0.20093457943925233,63.0,6.0,0.09523809523809523,0.0,0.0,0.0,0.0,0.0,0.0,0.0,0.0,0.0,0.0,0.20093457943925233
IBATISNET,125.0,37.0,0.296,20.0,4.0,0.2,2.0,0.022727272727272728,7.0,0.07954545454545454,0.0,0.0,0.0,0.0,9.0,0.10227272727272728,0.368
IBATIS,374.0,66.0,0.17647058823529413,26.0,7.0,0.2692307692307692,0.0,0.0,120.0,0.38961038961038963,0.0,0.0,0.0,0.0,120.0,0.38961038961038963,0.49732620320855614
IGNITE,1754.0,633.0,0.36088939566704675,31.0,7.0,0.22580645161290322,47.0,0.04192685102586976,24.0,0.021409455842997322,0.0,0.0,0.0,0.0,71.0,0.06333630686886708,0.4013683010262258
IMPALA,166.0,36.0,0.21686746987951808,79.0,40.0,0.5063291139240507,5.0,0.038461538461538464,24.0,0.18461538461538463,2.0,0.015384615384615385,0.0,0.0,31.0,0.23846153846153847,0.4036144578313253
INFRA,3834.0,3834.0,1.0,57.0,0.0,0.0,0.0,NaN,0.0,NaN,0.0,NaN,0.0,NaN,0.0,NaN,1.0
ISIS,465.0,73.0,0.15698924731182795,100.0,17.0,0.17,22.0,0.05612244897959184,0.0,0.0,0.0,0.0,0.0,0.0,22.0,0.05612244897959184,0.20430107526881722
IVY,143.0,20.0,0.13986013986013987,34.0,4.0,0.11764705882352941,2.0,0.016260162601626018,0.0,0.0,13.0,0.10569105691056911,0.0,0.0,15.0,0.12195121951219512,0.24475524475524477
JCR,1775.0,637.0,0.3588732394366197,208.0,19.0,0.09134615384615384,108.0,0.09490333919156414,2.0,0.0017574692442882249,0.0,0.0,0.0,0.0,109.0,0.09578207381370826,0.42028169014084504
JCRVLT,127.0,52.0,0.4094488188976378,24.0,2.0,0.08333333333333333,1.0,0.013333333333333334,0.0,0.0,0.0,0.0,0.0,0.0,1.0,0.013333333333333334,0.41732283464566927
OAK,2646.0,1795.0,0.6783824640967498,243.0,6.0,0.024691358024691357,29.0,0.03407755581668625,3.0,0.0035252643948296123,0.0,0.0,0.0,0.0,32.0,0.03760282021151586,0.6904761904761905
JAMES,697.0,308.0,0.4418938307030129,29.0,21.0,0.7241379310344828,0.0,0.0,190.0,0.4884318766066838,71.0,0.18251928020565553,0.0,0.0,246.0,0.6323907455012854,0.7948350071736011
JCLOUDS,128.0,23.0,0.1796875,24.0,2.0,0.08333333333333333,23.0,0.21904761904761905,0.0,0.0,0.0,0.0,0.0,0.0,23.0,0.21904761904761905,0.359375
JDO,404.0,233.0,0.5767326732673267,13.0,2.0,0.15384615384615385,1.0,0.005847953216374269,0.0,0.0,0.0,0.0,0.0,0.0,1.0,0.005847953216374269,0.5792079207920792
JS2,597.0,52.0,0.08710217755443886,24.0,11.0,0.4583333333333333,32.0,0.05871559633027523,193.0,0.3541284403669725,0.0,0.0,0.0,0.0,225.0,0.41284403669724773,0.4639865996649916
JSPWIKI,318.0,27.0,0.08490566037735849,30.0,7.0,0.23333333333333334,10.0,0.03436426116838488,50.0,0.1718213058419244,0.0,0.0,0.0,0.0,58.0,0.19931271477663232,0.2672955974842767
JUDDI,524.0,219.0,0.4179389312977099,37.0,5.0,0.13513513513513514,10.0,0.03278688524590164,0.0,0.0,0.0,0.0,0.0,0.0,10.0,0.03278688524590164,0.43702290076335876
KAFKA,409.0,106.0,0.2591687041564792,46.0,14.0,0.30434782608695654,49.0,0.1617161716171617,0.0,0.0,0.0,0.0,0.0,0.0,49.0,0.1617161716171617,0.37897310513447435
KARAF,476.0,116.0,0.24369747899159663,140.0,21.0,0.15,40.0,0.1111111111111111,4.0,0.011111111111111112,0.0,0.0,0.0,0.0,43.0,0.11944444444444445,0.33403361344537813
KYLIN,1590.0,774.0,0.4867924528301887,41.0,11.0,0.2682926829268293,16.0,0.0196078431372549,106.0,0.12990196078431374,17.0,0.020833333333333332,0.0,0.0,136.0,0.16666666666666666,0.5723270440251572
LIBCLOUD,143.0,90.0,0.6293706293706294,44.0,1.0,0.022727272727272728,0.0,0.0,0.0,0.0,0.0,0.0,0.0,0.0,0.0,0.0,0.6293706293706294
LOG4J2,557.0,79.0,0.14183123877917414,46.0,9.0,0.1956521739130435,0.0,0.0,10.0,0.02092050209205021,0.0,0.0,0.0,0.0,10.0,0.02092050209205021,0.15978456014362658
LUCENE,2438.0,1238.0,0.5077932731747334,142.0,32.0,0.22535211267605634,244.0,0.20333333333333334,22.0,0.018333333333333333,1.0,8.333333333333334E-4,0.0,0.0,265.0,0.22083333333333333,0.6164889253486464
LUCENENET,347.0,304.0,0.8760806916426513,17.0,4.0,0.23529411764705882,4.0,0.09302325581395349,6.0,0.13953488372093023,0.0,0.0,0.0,0.0,10.0,0.23255813953488372,0.9048991354466859
MAHOUT,707.0,154.0,0.21782178217821782,25.0,6.0,0.24,2.0,0.003616636528028933,16.0,0.028933092224231464,0.0,0.0,0.0,0.0,18.0,0.0325497287522604,0.24328147100424327
MARMOTTA,219.0,50.0,0.228310502283105,11.0,3.0,0.2727272727272727,9.0,0.05325443786982249,0.0,0.0,0.0,0.0,0.0,0.0,9.0,0.05325443786982249,0.2694063926940639
MNG,2979.0,557.0,0.18697549513259484,76.0,22.0,0.2894736842105263,132.0,0.054500412881915775,98.0,0.04046242774566474,10.0,0.004128819157720892,0.0,0.0,239.0,0.09867877786952932,0.26720375965088955
MANTTASKS,167.0,37.0,0.2215568862275449,20.0,11.0,0.55,0.0,0.0,19.0,0.14615384615384616,0.0,0.0,0.0,0.0,19.0,0.14615384615384616,0.33532934131736525
MANTRUN,113.0,39.0,0.34513274336283184,12.0,3.0,0.25,0.0,0.0,0.0,0.0,0.0,0.0,0.0,0.0,0.0,0.0,0.34513274336283184
ARCHETYPE,260.0,74.0,0.2846153846153846,20.0,5.0,0.25,0.0,0.0,12.0,0.06451612903225806,1.0,0.005376344086021506,0.0,0.0,13.0,0.06989247311827956,0.3346153846153846
MASSEMBLY,557.0,102.0,0.18312387791741472,28.0,4.0,0.14285714285714285,19.0,0.041758241758241756,0.0,0.0,0.0,0.0,0.0,0.0,19.0,0.041758241758241756,0.21723518850987433
MCHANGES,160.0,35.0,0.21875,20.0,3.0,0.15,1.0,0.008,0.0,0.0,0.0,0.0,0.0,0.0,1.0,0.008,0.225
MCHECKSTYLE,177.0,40.0,0.22598870056497175,24.0,2.0,0.08333333333333333,0.0,0.0,0.0,0.0,0.0,0.0,0.0,0.0,0.0,0.0,0.22598870056497175
MCOMPILER,213.0,62.0,0.29107981220657275,25.0,3.0,0.12,0.0,0.0,0.0,0.0,0.0,0.0,0.0,0.0,0.0,0.0,0.29107981220657275
MDEP,277.0,40.0,0.1444043321299639,26.0,4.0,0.15384615384615385,2.0,0.008438818565400843,0.0,0.0,0.0,0.0,0.0,0.0,2.0,0.008438818565400843,0.15162454873646208
MDEPLOY,123.0,32.0,0.2601626016260163,16.0,3.0,0.1875,0.0,0.0,0.0,0.0,0.0,0.0,0.0,0.0,0.0,0.0,0.2601626016260163
DOXIA,285.0,55.0,0.19298245614035087,26.0,10.0,0.38461538461538464,11.0,0.04782608695652174,39.0,0.16956521739130434,0.0,0.0,0.0,0.0,50.0,0.21739130434782608,0.3684210526315789
MEAR,107.0,30.0,0.2803738317757009,22.0,3.0,0.13636363636363635,0.0,0.0,0.0,0.0,1.0,0.012987012987012988,0.0,0.0,1.0,0.012987012987012988,0.2897196261682243
MECLIPSE,471.0,116.0,0.24628450106157113,12.0,0.0,0.0,0.0,0.0,0.0,0.0,0.0,0.0,0.0,0.0,0.0,0.0,0.24628450106157113
MENFORCER,114.0,26.0,0.22807017543859648,20.0,4.0,0.2,3.0,0.03409090909090909,1.0,0.011363636363636364,0.0,0.0,0.0,0.0,4.0,0.045454545454545456,0.2631578947368421
MJAR,115.0,28.0,0.24347826086956523,17.0,3.0,0.17647058823529413,0.0,0.0,0.0,0.0,0.0,0.0,0.0,0.0,0.0,0.0,0.24347826086956523
MJAVADOC,364.0,80.0,0.21978021978021978,26.0,3.0,0.11538461538461539,0.0,0.0,0.0,0.0,0.0,0.0,0.0,0.0,0.0,0.0,0.21978021978021978
MPLUGIN,165.0,41.0,0.24848484848484848,24.0,2.0,0.08333333333333333,0.0,0.0,0.0,0.0,0.0,0.0,0.0,0.0,0.0,0.0,0.24848484848484848
MPMD,116.0,23.0,0.19827586206896552,25.0,1.0,0.04,0.0,0.0,0.0,0.0,0.0,0.0,0.0,0.0,0.0,0.0,0.19827586206896552
MPIR,187.0,27.0,0.1443850267379679,20.0,3.0,0.15,0.0,0.0,7.0,0.04375,0.0,0.0,0.0,0.0,7.0,0.04375,0.18181818181818182
MNGSITE,176.0,176.0,1.0,0.0,0.0,NaN,0.0,NaN,0.0,NaN,0.0,NaN,0.0,NaN,0.0,NaN,1.0
MRELEASE,625.0,136.0,0.2176,25.0,4.0,0.16,0.0,0.0,7.0,0.014314928425357873,0.0,0.0,0.0,0.0,7.0,0.014314928425357873,0.2288
MRESOURCES,118.0,24.0,0.2033898305084746,17.0,3.0,0.17647058823529413,1.0,0.010638297872340425,0.0,0.0,0.0,0.0,0.0,0.0,1.0,0.010638297872340425,0.211864406779661
SCM,509.0,100.0,0.19646365422396855,31.0,7.0,0.22580645161290322,0.0,0.0,12.0,0.029339853300733496,0.0,0.0,0.0,0.0,12.0,0.029339853300733496,0.2200392927308448
MSHADE,144.0,14.0,0.09722222222222222,34.0,4.0,0.11764705882352941,0.0,0.0,0.0,0.0,0.0,0.0,0.0,0.0,0.0,0.0,0.09722222222222222
MSHARED,240.0,77.0,0.32083333333333336,172.0,31.0,0.18023255813953487,0.0,0.0,2.0,0.012269938650306749,0.0,0.0,0.0,0.0,2.0,0.012269938650306749,0.32916666666666666
MSITE,468.0,117.0,0.25,27.0,4.0,0.14814814814814814,10.0,0.02849002849002849,13.0,0.037037037037037035,0.0,0.0,0.0,0.0,23.0,0.06552706552706553,0.29914529914529914
SUREFIRE,962.0,227.0,0.23596673596673598,54.0,11.0,0.2037037037037037,24.0,0.0326530612244898,77.0,0.10476190476190476,6.0,0.00816326530612245,0.0,0.0,106.0,0.14421768707482993,0.34615384615384615
WAGON,317.0,104.0,0.3280757097791798,34.0,8.0,0.23529411764705882,5.0,0.023474178403755867,29.0,0.13615023474178403,0.0,0.0,0.0,0.0,34.0,0.1596244131455399,0.4353312302839117
MWAR,209.0,46.0,0.22009569377990432,23.0,5.0,0.21739130434782608,0.0,0.0,0.0,0.0,0.0,0.0,0.0,0.0,0.0,0.0,0.22009569377990432
DIRMINA,408.0,46.0,0.11274509803921569,71.0,7.0,0.09859154929577464,26.0,0.0718232044198895,0.0,0.0,0.0,0.0,0.0,0.0,26.0,0.0718232044198895,0.17647058823529413
MODPYTHON,105.0,2.0,0.01904761904761905,9.0,2.0,0.2222222222222222,0.0,0.0,9.0,0.08737864077669903,0.0,0.0,0.0,0.0,9.0,0.08737864077669903,0.10476190476190476
MYFACES,2251.0,304.0,0.13505108840515326,188.0,96.0,0.5106382978723404,152.0,0.0780688238315357,353.0,0.1813045711350796,0.0,0.0,0.0,0.0,505.0,0.2593733949666153,0.3593958240781875
TOBAGO,841.0,148.0,0.1759809750297265,111.0,8.0,0.07207207207207207,15.0,0.021645021645021644,0.0,0.0,0.0,0.0,0.0,0.0,15.0,0.021645021645021644,0.1938168846611177
TOMAHAWK,848.0,242.0,0.28537735849056606,30.0,14.0,0.4666666666666667,0.0,0.0,289.0,0.4768976897689769,0.0,0.0,0.0,0.0,289.0,0.4768976897689769,0.6261792452830188
TRINIDAD,1035.0,170.0,0.1642512077294686,76.0,10.0,0.13157894736842105,171.0,0.1976878612716763,77.0,0.08901734104046242,0.0,0.0,0.0,0.0,246.0,0.28439306358381505,0.40193236714975844
NETBEANS,204.0,63.0,0.3088235294117647,5.0,3.0,0.6,0.0,0.0,42.0,0.2978723404255319,6.0,0.0425531914893617,0.0,0.0,48.0,0.3404255319148936,0.5441176470588235
NPANDAY,231.0,216.0,0.935064935064935,11.0,2.0,0.18181818181818182,0.0,0.0,0.0,0.0,0.0,0.0,0.0,0.0,0.0,0.0,0.935064935064935
NUTCH,709.0,153.0,0.2157968970380818,36.0,4.0,0.1111111111111111,96.0,0.17266187050359713,7.0,0.012589928057553957,0.0,0.0,0.0,0.0,102.0,0.18345323741007194,0.35966149506346967
ODE,146.0,32.0,0.2191780821917808,18.0,5.0,0.2777777777777778,0.0,0.0,3.0,0.02631578947368421,0.0,0.0,0.0,0.0,3.0,0.02631578947368421,0.23972602739726026
ODFTOOLKIT,165.0,23.0,0.1393939393939394,22.0,18.0,0.8181818181818182,0.0,0.0,126.0,0.8873239436619719,0.0,0.0,0.0,0.0,126.0,0.8873239436619719,0.9030303030303031
OFBIZ,3729.0,637.0,0.1708232770179673,45.0,16.0,0.35555555555555557,88.0,0.028460543337645538,332.0,0.1073738680465718,0.0,0.0,0.0,0.0,420.0,0.13583441138421734,0.28345400911772595
OLINGO,479.0,61.0,0.12734864300626306,31.0,5.0,0.16129032258064516,33.0,0.07894736842105263,0.0,0.0,0.0,0.0,0.0,0.0,33.0,0.07894736842105263,0.19624217118997914
OOZIE,1271.0,761.0,0.5987411487018096,19.0,5.0,0.2631578947368421,16.0,0.03137254901960784,5.0,0.00980392156862745,227.0,0.44509803921568625,0.0,0.0,246.0,0.4823529411764706,0.7922895357985837
OPENEJB,413.0,62.0,0.15012106537530268,37.0,13.0,0.35135135135135137,88.0,0.25071225071225073,43.0,0.1225071225071225,0.0,0.0,0.0,0.0,130.0,0.37037037037037035,0.4648910411622276
OPENJPA,1167.0,210.0,0.17994858611825193,40.0,8.0,0.2,176.0,0.1839080459770115,115.0,0.12016718913270637,0.0,0.0,0.0,0.0,279.0,0.29153605015673983,0.4190231362467866
OPENMEETINGS,1354.0,179.0,0.13220088626292467,34.0,2.0,0.058823529411764705,152.0,0.12936170212765957,5.0,0.00425531914893617,0.0,0.0,0.0,0.0,157.0,0.13361702127659575,0.2481536189069424
OPENNLP,316.0,151.0,0.4778481012658228,22.0,5.0,0.22727272727272727,31.0,0.18787878787878787,1.0,0.006060606060606061,0.0,0.0,0.0,0.0,32.0,0.19393939393939394,0.5791139240506329
OWB,718.0,137.0,0.19080779944289694,53.0,5.0,0.09433962264150944,67.0,0.1153184165232358,1.0,0.0017211703958691911,0.0,0.0,0.0,0.0,68.0,0.11703958691910499,0.28551532033426186
ORC,158.0,113.0,0.7151898734177216,29.0,6.0,0.20689655172413793,9.0,0.2,3.0,0.06666666666666667,0.0,0.0,0.0,0.0,12.0,0.26666666666666666,0.7911392405063291
PDFBOX,3043.0,462.0,0.15182385803483406,54.0,4.0,0.07407407407407407,830.0,0.32158078264238665,115.0,0.044556373498643935,0.0,0.0,0.0,0.0,944.0,0.36574970941495544,0.46204403549129147
PHOENIX,783.0,403.0,0.5146871008939975,64.0,56.0,0.875,0.0,0.0,297.0,0.781578947368421,0.0,0.0,0.0,0.0,297.0,0.781578947368421,0.8939974457215837
PIG,2073.0,795.0,0.3835021707670043,38.0,14.0,0.3684210526315789,229.0,0.17918622848200313,23.0,0.017996870109546165,8.0,0.006259780907668232,0.0,0.0,258.0,0.20187793427230047,0.507959479015919
PLUTO,322.0,16.0,0.049689440993788817,34.0,13.0,0.38235294117647056,21.0,0.06862745098039216,60.0,0.19607843137254902,89.0,0.2908496732026144,0.0,0.0,165.0,0.5392156862745098,0.562111801242236
QPID,4217.0,1010.0,0.239506758359023,84.0,13.0,0.15476190476190477,730.0,0.22762706579357656,76.0,0.02369816027439975,11.0,0.0034299968818210166,0.0,0.0,807.0,0.2516370439663237,0.43087502964192553
DISPATCH,680.0,148.0,0.21764705882352942,22.0,4.0,0.18181818181818182,49.0,0.09210526315789473,0.0,0.0,0.0,0.0,0.0,0.0,49.0,0.09210526315789473,0.2897058823529412
QPIDJMS,181.0,17.0,0.09392265193370165,34.0,1.0,0.029411764705882353,0.0,0.0,0.0,0.0,0.0,0.0,0.0,0.0,0.0,0.0,0.09392265193370165
PROTON,1087.0,281.0,0.25850965961361544,56.0,4.0,0.07142857142857142,35.0,0.043424317617866005,1.0,0.0012406947890818859,0.0,0.0,0.0,0.0,36.0,0.04466501240694789,0.29162833486660533
RAVE,157.0,62.0,0.39490445859872614,25.0,3.0,0.12,7.0,0.07368421052631578,0.0,0.0,0.0,0.0,0.0,0.0,7.0,0.07368421052631578,0.4394904458598726
SCOUT,102.0,27.0,0.2647058823529412,18.0,0.0,0.0,11.0,0.14666666666666667,0.0,0.0,0.0,0.0,0.0,0.0,11.0,0.14666666666666667,0.37254901960784315
SERF,147.0,145.0,0.9863945578231292,5.0,2.0,0.4,0.0,0.0,0.0,0.0,0.0,0.0,0.0,0.0,0.0,0.0,0.9863945578231292
SM,342.0,105.0,0.30701754385964913,173.0,33.0,0.1907514450867052,15.0,0.06329113924050633,32.0,0.1350210970464135,0.0,0.0,0.0,0.0,46.0,0.1940928270042194,0.4415204678362573
SHINDIG,261.0,143.0,0.5478927203065134,24.0,3.0,0.125,21.0,0.17796610169491525,1.0,0.00847457627118644,0.0,0.0,0.0,0.0,22.0,0.1864406779661017,0.632183908045977
SHIRO,150.0,43.0,0.2866666666666667,21.0,4.0,0.19047619047619047,1.0,0.009345794392523364,1.0,0.009345794392523364,0.0,0.0,0.0,0.0,1.0,0.009345794392523364,0.29333333333333333
SLING,2495.0,824.0,0.33026052104208414,1976.0,255.0,0.12904858299595143,38.0,0.022740873728306403,0.0,0.0,0.0,0.0,1.0,5.984440454817474E-4,39.0,0.02333931777378815,0.3458917835671343
SOAP,102.0,0.0,0.0,2.0,2.0,1.0,0.0,0.0,102.0,1.0,0.0,0.0,0.0,0.0,102.0,1.0,1.0
SOLR,2757.0,955.0,0.34639100471527023,115.0,33.0,0.28695652173913044,256.0,0.14206437291897892,25.0,0.013873473917869035,0.0,0.0,0.0,0.0,278.0,0.15427302996670367,0.4472252448313384
SPARK,1224.0,203.0,0.16584967320261437,67.0,17.0,0.2537313432835821,155.0,0.15181194906953965,5.0,0.004897159647404506,0.0,0.0,0.0,0.0,159.0,0.15572967678746327,0.2957516339869281
STANBOL,325.0,273.0,0.84,19.0,0.0,0.0,4.0,0.07692307692307693,0.0,0.0,0.0,0.0,0.0,0.0,4.0,0.07692307692307693,0.8523076923076923
STREAMS,148.0,140.0,0.9459459459459459,9.0,2.0,0.2222222222222222,0.0,0.0,0.0,0.0,0.0,0.0,0.0,0.0,0.0,0.0,0.9459459459459459
STR,1829.0,24.0,0.013121924548933843,46.0,40.0,0.8695652173913043,0.0,0.0,796.0,0.4409972299168975,535.0,0.296398891966759,0.0,0.0,1331.0,0.7373961218836566,0.7408419901585566
WW,2708.0,273.0,0.10081240768094535,112.0,60.0,0.5357142857142857,14.0,0.005749486652977412,1714.0,0.7039014373716632,6.0,0.0024640657084188913,0.0,0.0,1732.0,0.71129363449692,0.7403988183161004
SVN,2739.0,8.0,0.0029207740051113546,148.0,47.0,0.31756756756756754,0.0,0.0,693.0,0.2537532039545954,1997.0,0.731233980227023,0.0,0.0,2689.0,0.9846210179421457,0.9846659364731654
SYNCOPE,716.0,46.0,0.06424581005586592,61.0,7.0,0.11475409836065574,78.0,0.11641791044776119,1.0,0.0014925373134328358,0.0,0.0,0.0,0.0,78.0,0.11641791044776119,0.17318435754189945
SYSTEMML,445.0,403.0,0.9056179775280899,14.0,5.0,0.35714285714285715,0.0,0.0,1.0,0.023809523809523808,1.0,0.023809523809523808,0.0,0.0,2.0,0.047619047619047616,0.9101123595505618
TAPESTRY,683.0,18.0,0.02635431918008785,34.0,8.0,0.23529411764705882,138.0,0.2075187969924812,76.0,0.11428571428571428,3.0,0.004511278195488722,0.0,0.0,214.0,0.3218045112781955,0.3396778916544656
TAP5,1092.0,72.0,0.06593406593406594,39.0,5.0,0.1282051282051282,0.0,0.0,80.0,0.0784313725490196,0.0,0.0,0.0,0.0,80.0,0.0784313725490196,0.1391941391941392
THRIFT,2317.0,892.0,0.38498057833405264,20.0,4.0,0.2,78.0,0.05473684210526316,86.0,0.060350877192982454,0.0,0.0,0.0,0.0,164.0,0.11508771929824561,0.4557617608977126
TIKA,334.0,57.0,0.17065868263473055,35.0,3.0,0.08571428571428572,2.0,0.007220216606498195,0.0,0.0,0.0,0.0,0.0,0.0,2.0,0.007220216606498195,0.17664670658682635
TILES,230.0,14.0,0.06086956521739131,30.0,22.0,0.7333333333333333,0.0,0.0,205.0,0.9490740740740741,0.0,0.0,0.0,0.0,205.0,0.9490740740740741,0.9521739130434783
TINKERPOP,540.0,139.0,0.2574074074074074,34.0,3.0,0.08823529411764706,13.0,0.032418952618453865,1.0,0.0024937655860349127,0.0,0.0,0.0,0.0,14.0,0.034912718204488775,0.2833333333333333
TOMEE,339.0,195.0,0.5752212389380531,35.0,7.0,0.2,19.0,0.13194444444444445,1.0,0.006944444444444444,0.0,0.0,0.0,0.0,20.0,0.1388888888888889,0.6342182890855457
TOREE,222.0,202.0,0.9099099099099099,5.0,2.0,0.4,0.0,0.0,0.0,0.0,1.0,0.05,0.0,0.0,1.0,0.05,0.9144144144144144
TORQUE,139.0,20.0,0.14388489208633093,12.0,1.0,0.08333333333333333,9.0,0.07563025210084033,0.0,0.0,0.0,0.0,0.0,0.0,9.0,0.07563025210084033,0.20863309352517986
TORQUEOLD,175.0,175.0,1.0,0.0,0.0,NaN,0.0,NaN,0.0,NaN,0.0,NaN,0.0,NaN,0.0,NaN,1.0
TC,162.0,43.0,0.2654320987654321,7.0,4.0,0.5714285714285714,0.0,0.0,13.0,0.1092436974789916,0.0,0.0,0.0,0.0,13.0,0.1092436974789916,0.345679012345679
TS,2529.0,1673.0,0.6615262949782523,76.0,22.0,0.2894736842105263,66.0,0.07710280373831775,13.0,0.015186915887850467,3.0,0.0035046728971962616,0.0,0.0,82.0,0.09579439252336448,0.693950177935943
TUSCANY,2121.0,542.0,0.25553983969825556,48.0,10.0,0.20833333333333334,168.0,0.10639645345155162,491.0,0.3109563014566181,0.0,0.0,0.0,0.0,656.0,0.415452818239392,0.5648279113625648
UIMA,2414.0,1453.0,0.6019055509527754,114.0,26.0,0.22807017543859648,218.0,0.22684703433922998,10.0,0.01040582726326743,0.0,0.0,0.0,0.0,228.0,0.2372528616024974,0.6963545981772991
USERGRID,230.0,209.0,0.908695652173913,8.0,4.0,0.5,0.0,0.0,5.0,0.23809523809523808,0.0,0.0,0.0,0.0,5.0,0.23809523809523808,0.9304347826086956
VELOCITY,432.0,29.0,0.06712962962962964,30.0,17.0,0.5666666666666667,29.0,0.07196029776674938,245.0,0.607940446650124,0.0,0.0,0.0,0.0,273.0,0.6774193548387096,0.6990740740740741
WAVE,201.0,193.0,0.9601990049751243,4.0,4.0,1.0,0.0,0.0,8.0,1.0,0.0,0.0,0.0,0.0,8.0,1.0,1.0
WICKET,607.0,58.0,0.09555189456342669,159.0,9.0,0.05660377358490566,31.0,0.056466302367941715,22.0,0.04007285974499089,0.0,0.0,0.0,0.0,44.0,0.08014571948998178,0.16803953871499178
WINK,147.0,38.0,0.2585034013605442,11.0,2.0,0.18181818181818182,0.0,0.0,0.0,0.0,0.0,0.0,0.0,0.0,0.0,0.0,0.2585034013605442
WSS,326.0,133.0,0.40797546012269936,63.0,4.0,0.06349206349206349,2.0,0.010362694300518135,0.0,0.0,0.0,0.0,0.0,0.0,2.0,0.010362694300518135,0.41411042944785276
XALANC,171.0,16.0,0.0935672514619883,13.0,6.0,0.46153846153846156,1.0,0.0064516129032258064,82.0,0.5290322580645161,0.0,0.0,0.0,0.0,83.0,0.535483870967742,0.5789473684210527
XAP,238.0,238.0,1.0,0.0,0.0,NaN,0.0,NaN,0.0,NaN,0.0,NaN,0.0,NaN,0.0,NaN,1.0
XBEAN,126.0,36.0,0.2857142857142857,48.0,3.0,0.0625,1.0,0.011111111111111112,0.0,0.0,0.0,0.0,0.0,0.0,1.0,0.011111111111111112,0.29365079365079366
XERCESC,1476.0,127.0,0.08604336043360433,29.0,3.0,0.10344827586206896,6.0,0.004447739065974796,1.0,7.412898443291327E-4,91.0,0.06745737583395107,0.0,0.0,97.0,0.07190511489992588,0.15176151761517614
XERCESJ,178.0,5.0,0.028089887640449437,26.0,0.0,0.0,0.0,0.0,0.0,0.0,0.0,0.0,0.0,0.0,0.0,0.0,0.028089887640449437
XMLRPC,142.0,9.0,0.06338028169014084,14.0,7.0,0.5,0.0,0.0,51.0,0.38345864661654133,39.0,0.2932330827067669,0.0,0.0,90.0,0.6766917293233082,0.6971830985915493
XMLBEANS,136.0,17.0,0.125,25.0,11.0,0.44,11.0,0.09243697478991597,20.0,0.16806722689075632,16.0,0.13445378151260504,0.0,0.0,42.0,0.35294117647058826,0.4338235294117647
XW,289.0,95.0,0.328719723183391,39.0,39.0,1.0,0.0,0.0,194.0,1.0,0.0,0.0,0.0,0.0,194.0,1.0,1.0
ZEPPELIN,299.0,126.0,0.4214046822742475,16.0,4.0,0.25,22.0,0.12716763005780346,11.0,0.06358381502890173,0.0,0.0,1.0,0.005780346820809248,34.0,0.19653179190751446,0.5351170568561873
ZOOKEEPER,667.0,200.0,0.29985007496251875,41.0,7.0,0.17073170731707318,73.0,0.15631691648822268,12.0,0.02569593147751606,0.0,0.0,0.0,0.0,84.0,0.17987152034261242,0.4257871064467766
