Key,Ticket Creation Date,Resolved Date,Recorded AV,Assumed AV,Recorded AV with Missing Dates
TAPESTRY-105,15,16,|15|,|15|16|,|
TAPESTRY-146,15,16,|15|,|15|16|,|
TAPESTRY-214,16,17,|15|,|15|16|17|,|
TAPESTRY-226,17,17,|16|,|16|17|,|
TAPESTRY-227,17,17,|15|16|,|15|16|17|,|
TAPESTRY-248,17,17,|16|,|16|17|,|
TAPESTRY-218,17,17,|15|16|,|15|16|17|,|
TAPESTRY-200,16,17,|15|16|,|15|16|17|,|
TAPESTRY-189,16,17,|15|16|,|15|16|17|,|
TAPESTRY-167,16,17,|15|,|15|16|17|,|
TAPESTRY-260,17,17,|15|16|,|15|16|17|,|
TAPESTRY-265,17,17,|20|,|17|,|
TAPESTRY-207,16,17,|15|,|15|16|17|,|
TAPESTRY-278,18,18,|17|,|17|18|,|
TAPESTRY-230,17,18,|15|16|,|15|16|17|18|,|
TAPESTRY-238,17,18,|15|16|,|15|16|17|18|,|
TAPESTRY-277,18,18,|17|,|17|18|,|
TAPESTRY-255,17,18,|15|16|17|20|,|15|16|17|18|,|
TAPESTRY-1,16,18,|15|,|15|16|17|18|,|
TAPESTRY-283,18,18,|14|15|16|17|,|14|15|16|17|18|,|
TAPESTRY-284,18,18,|15|16|17|,|15|16|17|18|,|
TAPESTRY-285,18,18,|17|,|17|18|,|
TAPESTRY-293,18,18,|,|18|,|3.0.5|
TAPESTRY-210,16,18,|16|,|16|17|18|,|
TAPESTRY-166,16,18,|15|,|15|16|17|18|,|
TAPESTRY-320,18,18,|20|,|18|,|
TAPESTRY-335,18,18,|20|,|18|,|
TAPESTRY-342,18,18,|20|,|18|,|
TAPESTRY-337,18,18,|20|,|18|,|3.0.5|
TAPESTRY-304,18,18,|,|18|,|unspecified|
TAPESTRY-261,17,18,|20|,|17|18|,|
TAPESTRY-253,17,18,|20|,|17|18|,|
TAPESTRY-217,17,18,|15|,|15|16|17|18|,|
TAPESTRY-181,16,18,|15|,|15|16|17|18|,|
TAPESTRY-108,15,18,|15|,|15|16|17|18|,|
TAPESTRY-96,15,18,|15|,|15|16|17|18|,|
TAPESTRY-357,18,18,|20|,|18|,|
TAPESTRY-361,18,18,|20|,|18|,|
TAPESTRY-372,18,18,|20|,|18|,|
TAPESTRY-379,18,18,|20|,|18|,|
TAPESTRY-388,18,18,|20|,|18|,|
TAPESTRY-374,18,18,|20|,|18|,|
TAPESTRY-391,18,18,|20|,|18|,|
TAPESTRY-384,18,18,|20|,|18|,|
TAPESTRY-393,18,18,|20|,|18|,|
TAPESTRY-398,18,18,|20|,|18|,|
TAPESTRY-405,18,18,|20|,|18|,|
TAPESTRY-404,18,18,|20|,|18|,|
TAPESTRY-428,18,18,|20|,|18|,|
TAPESTRY-385,18,18,|20|,|18|,|
TAPESTRY-427,18,18,|20|,|18|,|
TAPESTRY-383,18,18,|20|,|18|,|
TAPESTRY-224,17,18,|16|,|16|17|18|,|
TAPESTRY-185,16,18,|15|20|,|15|16|17|18|,|
TAPESTRY-425,18,18,|20|,|18|,|
TAPESTRY-424,18,18,|15|16|17|20|,|15|16|17|18|,|3.0.5|
TAPESTRY-408,18,18,|20|,|18|,|
TAPESTRY-445,18,18,|20|,|18|,|
TAPESTRY-446,18,18,|20|,|18|,|
TAPESTRY-444,18,18,|20|,|18|,|
TAPESTRY-324,18,18,|20|,|18|,|
TAPESTRY-254,17,18,|15|,|15|16|17|18|,|
TAPESTRY-441,18,18,|20|,|18|,|
TAPESTRY-423,18,18,|20|,|18|,|
TAPESTRY-515,18,18,|20|,|18|,|
TAPESTRY-481,18,18,|20|,|18|,|
TAPESTRY-527,18,18,|20|,|18|,|
TAPESTRY-524,18,18,|20|,|18|,|
TAPESTRY-519,18,18,|20|,|18|,|
TAPESTRY-530,18,18,|20|,|18|,|
TAPESTRY-354,18,18,|20|,|18|,|
TAPESTRY-533,18,18,|20|,|18|,|
TAPESTRY-539,18,18,|20|,|18|,|
TAPESTRY-365,18,18,|20|,|18|,|
TAPESTRY-452,18,18,|20|,|18|,|
TAPESTRY-177,16,18,|15|,|15|16|17|18|,|
TAPESTRY-543,18,18,|20|,|18|,|
TAPESTRY-542,18,18,|20|,|18|,|
TAPESTRY-552,18,18,|20|,|18|,|
TAPESTRY-553,18,18,|20|,|18|,|
TAPESTRY-549,18,18,|20|,|18|,|
TAPESTRY-94,15,18,|15|,|15|16|17|18|,|
TAPESTRY-437,18,18,|20|,|18|,|
TAPESTRY-566,18,18,|20|,|18|,|
TAPESTRY-570,18,18,|20|,|18|,|
TAPESTRY-157,15,18,|15|20|,|15|16|17|18|,|
TAPESTRY-447,18,18,|20|,|18|,|
TAPESTRY-585,18,18,|20|,|18|,|
TAPESTRY-579,18,18,|20|,|18|,|
TAPESTRY-581,18,18,|20|,|18|,|
TAPESTRY-222,17,18,|16|,|16|17|18|,|
TAPESTRY-586,18,18,|20|,|18|,|
TAPESTRY-588,18,18,|20|,|18|,|
TAPESTRY-560,18,18,|20|,|18|,|
TAPESTRY-589,18,18,|20|,|18|,|
TAPESTRY-611,18,18,|20|,|18|,|
TAPESTRY-610,18,18,|20|,|18|,|
TAPESTRY-609,18,18,|20|,|18|,|
TAPESTRY-613,18,18,|20|,|18|,|
TAPESTRY-386,18,18,|20|,|18|,|
TAPESTRY-626,18,18,|20|,|18|,|
TAPESTRY-606,18,18,|20|,|18|,|
TAPESTRY-546,18,18,|20|,|18|,|
TAPESTRY-600,18,18,|20|,|18|,|
TAPESTRY-307,18,18,|15|16|17|20|,|15|16|17|18|,|3.0.5|
TAPESTRY-270,18,18,|,|18|,|unspecified|
TAPESTRY-535,18,18,|20|,|18|,|
TAPESTRY-556,18,18,|20|,|18|,|
TAPESTRY-578,18,18,|20|,|18|,|
TAPESTRY-595,18,18,|20|,|18|,|
TAPESTRY-569,18,18,|20|,|18|,|
TAPESTRY-642,18,18,|20|,|18|,|
TAPESTRY-341,18,18,|20|,|18|,|
TAPESTRY-653,18,18,|20|,|18|,|
TAPESTRY-649,18,18,|20|,|18|,|
TAPESTRY-657,18,18,|20|,|18|,|
TAPESTRY-647,18,18,|20|,|18|,|
TAPESTRY-641,18,18,|20|,|18|,|
TAPESTRY-660,18,18,|20|,|18|,|
TAPESTRY-655,18,18,|20|,|18|,|
TAPESTRY-665,18,18,|20|,|18|,|
TAPESTRY-661,18,18,|20|,|18|,|
TAPESTRY-601,18,18,|20|,|18|,|
TAPESTRY-676,18,18,|20|,|18|,|
TAPESTRY-680,18,18,|20|,|18|,|
TAPESTRY-667,18,18,|20|,|18|,|
TAPESTRY-344,18,18,|20|,|18|,|
TAPESTRY-685,18,18,|20|,|18|,|
TAPESTRY-696,18,18,|20|,|18|,|
TAPESTRY-650,18,18,|20|,|18|,|
TAPESTRY-718,18,18,|20|,|18|,|
TAPESTRY-710,18,18,|20|,|18|,|
TAPESTRY-699,18,18,|20|,|18|,|
TAPESTRY-711,18,18,|20|,|18|,|
TAPESTRY-715,18,18,|20|,|18|,|
TAPESTRY-723,18,18,|20|,|18|,|
TAPESTRY-526,18,18,|20|,|18|,|
TAPESTRY-571,18,18,|20|,|18|,|
TAPESTRY-678,18,18,|20|,|18|,|
TAPESTRY-517,18,18,|20|,|18|,|
TAPESTRY-690,18,18,|20|,|18|,|
TAPESTRY-228,17,18,|15|16|,|15|16|17|18|,|
TAPESTRY-233,17,18,|16|,|16|17|18|,|
TAPESTRY-669,18,18,|20|,|18|,|
TAPESTRY-734,18,18,|20|,|18|,|
TAPESTRY-298,18,18,|,|18|,|3.0.5|
TAPESTRY-213,16,18,|15|,|15|16|17|18|,|
TAPESTRY-302,18,18,|,|18|,|3.0.5|
TAPESTRY-359,18,18,|20|,|18|,|
TAPESTRY-744,18,18,|20|,|18|,|
TAPESTRY-741,18,18,|20|,|18|,|
TAPESTRY-652,18,18,|20|,|18|,|
TAPESTRY-328,18,18,|20|,|18|,|
TAPESTRY-720,18,18,|20|,|18|,|
TAPESTRY-719,18,18,|20|,|18|,|
TAPESTRY-752,18,18,|20|,|18|,|
TAPESTRY-759,18,18,|20|,|18|,|
TAPESTRY-763,18,18,|20|,|18|,|
TAPESTRY-756,18,18,|20|,|18|,|
TAPESTRY-748,18,18,|20|,|18|,|
TAPESTRY-769,18,18,|20|,|18|,|
TAPESTRY-768,18,18,|20|,|18|,|
TAPESTRY-275,18,18,|16|20|,|16|17|18|,|
TAPESTRY-701,18,18,|20|,|18|,|
TAPESTRY-607,18,18,|20|,|18|,|
TAPESTRY-776,18,18,|20|,|18|,|
TAPESTRY-778,18,18,|20|,|18|,|
TAPESTRY-767,18,18,|20|,|18|,|
TAPESTRY-387,18,18,|20|,|18|,|
TAPESTRY-783,18,18,|20|,|18|,|
TAPESTRY-784,18,18,|20|,|18|,|
TAPESTRY-789,18,18,|20|,|18|,|
TAPESTRY-658,18,18,|20|,|18|,|
TAPESTRY-790,18,18,|20|,|18|,|
TAPESTRY-808,18,18,|20|,|18|,|
TAPESTRY-760,18,18,|20|,|18|,|
TAPESTRY-815,18,18,|20|,|18|,|
TAPESTRY-844,21,21,|15|,|15|16|17|18|19|20|21|,|
TAPESTRY-728,18,21,|20|,|18|19|20|21|,|
TAPESTRY-203,16,21,|15|,|15|16|17|18|19|20|21|,|
TAPESTRY-136,15,21,|15|,|15|16|17|18|19|20|21|,|
TAPESTRY-151,15,21,|15|,|15|16|17|18|19|20|21|,|
TAPESTRY-877,21,21,|,|21|,|3.0.5|
TAPESTRY-878,21,21,|,|21|,|3.0.5|
TAPESTRY-806,18,21,|,|18|19|20|21|,|3.0.5|
TAPESTRY-241,17,21,|16|,|16|17|18|19|20|21|,|
TAPESTRY-193,16,21,|15|,|15|16|17|18|19|20|21|,|
TAPESTRY-814,18,21,|,|18|19|20|21|,|3.0.5|
TAPESTRY-774,18,21,|20|,|18|19|20|21|,|
TAPESTRY-221,17,21,|15|16|,|15|16|17|18|19|20|21|,|
TAPESTRY-830,18,21,|20|,|18|19|20|21|,|
TAPESTRY-646,18,21,|20|,|18|19|20|21|,|
TAPESTRY-339,18,21,|,|18|19|20|21|,|3.0.5|
TAPESTRY-972,21,21,|18|19|20|,|18|19|20|21|,|
TAPESTRY-952,21,21,|21|,|21|,|
TAPESTRY-990,21,21,|18|,|18|19|20|21|,|
TAPESTRY-795,18,21,|20|,|18|19|20|21|,|
TAPESTRY-1047,22,22,|18|,|18|19|20|21|22|,|
TAPESTRY-1048,22,22,|18|,|18|19|20|21|22|,|
TAPESTRY-1049,22,22,|18|,|18|19|20|21|22|,|
TAPESTRY-199,16,22,|15|18|,|15|16|17|18|19|20|21|22|,|
TAPESTRY-1084,22,22,|21|,|21|22|,|
TAPESTRY-1092,22,22,|22|,|22|,|
TAPESTRY-1242,23,23,|23|,|23|,|
TAPESTRY-1232,23,23,|,|23|,|5.0|
TAPESTRY-1265,23,23,|,|23|,|5.0|
TAPESTRY-1287,23,23,|,|23|,|5.0|
TAPESTRY-1290,23,23,|,|23|,|5.0|
TAPESTRY-1243,23,23,|,|23|,|5.0|
TAPESTRY-1279,23,23,|,|23|,|5.0|
TAPESTRY-1303,23,23,|,|23|,|5.0|
TAPESTRY-1314,23,23,|1|,|1|2|3|4|5|6|7|8|9|10|11|12|13|14|15|16|17|18|19|20|21|22|23|,|
TAPESTRY-1300,23,23,|1|,|1|2|3|4|5|6|7|8|9|10|11|12|13|14|15|16|17|18|19|20|21|22|23|,|
TAPESTRY-1297,23,23,|,|23|,|5.0|
TAPESTRY-1316,23,23,|1|,|1|2|3|4|5|6|7|8|9|10|11|12|13|14|15|16|17|18|19|20|21|22|23|,|
TAPESTRY-1291,23,23,|,|23|,|5.0|
TAPESTRY-1322,23,23,|,|23|,|5.0|
TAPESTRY-1344,23,23,|,|23|,|5.0|
TAPESTRY-1346,23,23,|1|,|1|2|3|4|5|6|7|8|9|10|11|12|13|14|15|16|17|18|19|20|21|22|23|,|
TAPESTRY-1282,23,23,|,|23|,|5.0|
TAPESTRY-1270,23,23,|,|23|,|5.0|
TAPESTRY-1343,23,23,|1|,|1|2|3|4|5|6|7|8|9|10|11|12|13|14|15|16|17|18|19|20|21|22|23|,|
TAPESTRY-1329,23,23,|,|23|,|5.0|
TAPESTRY-1357,23,23,|1|,|1|2|3|4|5|6|7|8|9|10|11|12|13|14|15|16|17|18|19|20|21|22|23|,|
TAPESTRY-1364,23,23,|1|,|1|2|3|4|5|6|7|8|9|10|11|12|13|14|15|16|17|18|19|20|21|22|23|,|
TAPESTRY-1337,23,23,|1|,|1|2|3|4|5|6|7|8|9|10|11|12|13|14|15|16|17|18|19|20|21|22|23|,|
TAPESTRY-1338,23,23,|1|,|1|2|3|4|5|6|7|8|9|10|11|12|13|14|15|16|17|18|19|20|21|22|23|,|
TAPESTRY-1371,23,23,|,|23|,|5.0|
TAPESTRY-1411,23,23,|1|,|1|2|3|4|5|6|7|8|9|10|11|12|13|14|15|16|17|18|19|20|21|22|23|,|
TAPESTRY-1264,23,23,|,|23|,|5.0|
TAPESTRY-1420,23,23,|23|,|23|,|
TAPESTRY-1426,23,23,|23|,|23|,|
TAPESTRY-1387,23,23,|,|23|,|5.0|
TAPESTRY-1333,23,23,|1|,|1|2|3|4|5|6|7|8|9|10|11|12|13|14|15|16|17|18|19|20|21|22|23|,|
TAPESTRY-1363,23,23,|,|23|,|5.0|
TAPESTRY-1396,23,23,|22|,|22|23|,|
TAPESTRY-1101,22,23,|18|,|18|19|20|21|22|23|,|
TAPESTRY-1455,23,23,|23|,|23|,|
TAPESTRY-1434,23,23,|2|,|2|3|4|5|6|7|8|9|10|11|12|13|14|15|16|17|18|19|20|21|22|23|,|
TAPESTRY-1443,23,23,|2|,|2|3|4|5|6|7|8|9|10|11|12|13|14|15|16|17|18|19|20|21|22|23|,|
TAPESTRY-1464,23,23,|3|,|3|4|5|6|7|8|9|10|11|12|13|14|15|16|17|18|19|20|21|22|23|,|
TAPESTRY-1477,23,23,|23|,|23|,|
TAPESTRY-1383,23,23,|20|22|,|20|21|22|23|,|
TAPESTRY-1217,23,23,|22|,|22|23|,|
TAPESTRY-1366,23,23,|23|,|23|,|
TAPESTRY-1376,23,23,|23|,|23|,|
TAPESTRY-1390,23,23,|19|,|19|20|21|22|23|,|
TAPESTRY-1494,23,23,|,|23|,|5.0|
TAPESTRY-1504,23,23,|,|23|,|5.0|
TAPESTRY-1497,23,23,|,|23|,|5.0|
TAPESTRY-1528,23,23,|,|23|,|5.0|
TAPESTRY-1425,23,23,|2|,|2|3|4|5|6|7|8|9|10|11|12|13|14|15|16|17|18|19|20|21|22|23|,|
TAPESTRY-1465,23,23,|,|23|,|5.0|
TAPESTRY-1481,23,23,|,|23|,|5.0|
TAPESTRY-1511,23,23,|,|23|,|5.0|
TAPESTRY-1537,23,23,|,|23|,|5.0|
TAPESTRY-1542,23,23,|23|,|23|,|
TAPESTRY-1573,23,23,|2|,|2|3|4|5|6|7|8|9|10|11|12|13|14|15|16|17|18|19|20|21|22|23|,|
TAPESTRY-1491,23,23,|,|23|,|5.0|
TAPESTRY-1447,23,23,|2|,|2|3|4|5|6|7|8|9|10|11|12|13|14|15|16|17|18|19|20|21|22|23|,|
TAPESTRY-1480,23,23,|,|23|,|5.0|
TAPESTRY-1559,23,23,|3|,|3|4|5|6|7|8|9|10|11|12|13|14|15|16|17|18|19|20|21|22|23|,|
TAPESTRY-1590,23,23,|,|23|,|5.0|
TAPESTRY-1587,23,23,|22|,|22|23|,|
TAPESTRY-1586,23,23,|23|,|23|,|
TAPESTRY-1593,23,23,|1|2|,|1|2|3|4|5|6|7|8|9|10|11|12|13|14|15|16|17|18|19|20|21|22|23|,|
TAPESTRY-572,18,23,|20|,|18|19|20|21|22|23|,|
TAPESTRY-1585,23,23,|3|,|3|4|5|6|7|8|9|10|11|12|13|14|15|16|17|18|19|20|21|22|23|,|
TAPESTRY-1423,23,23,|2|,|2|3|4|5|6|7|8|9|10|11|12|13|14|15|16|17|18|19|20|21|22|23|,|
TAPESTRY-1451,23,23,|2|,|2|3|4|5|6|7|8|9|10|11|12|13|14|15|16|17|18|19|20|21|22|23|,|
TAPESTRY-1498,23,23,|3|,|3|4|5|6|7|8|9|10|11|12|13|14|15|16|17|18|19|20|21|22|23|,|
TAPESTRY-1596,23,23,|2|,|2|3|4|5|6|7|8|9|10|11|12|13|14|15|16|17|18|19|20|21|22|23|,|
TAPESTRY-1294,23,23,|,|23|,|5.0|
TAPESTRY-1571,23,23,|3|,|3|4|5|6|7|8|9|10|11|12|13|14|15|16|17|18|19|20|21|22|23|,|
TAPESTRY-1525,23,23,|23|,|23|,|
TAPESTRY-1562,23,23,|3|,|3|4|5|6|7|8|9|10|11|12|13|14|15|16|17|18|19|20|21|22|23|,|
TAPESTRY-1473,23,23,|,|23|,|5.0|
TAPESTRY-1583,23,23,|2|,|2|3|4|5|6|7|8|9|10|11|12|13|14|15|16|17|18|19|20|21|22|23|,|
TAPESTRY-1580,23,24,|23|,|23|24|,|
TAPESTRY-1614,24,24,|3|,|3|4|5|6|7|8|9|10|11|12|13|14|15|16|17|18|19|20|21|22|23|24|,|
TAPESTRY-1506,23,24,|,|23|24|,|5.0|
TAPESTRY-1667,24,24,|,|24|,|5.0|
TAPESTRY-1684,24,24,|23|24|,|23|24|,|
TAPESTRY-1683,24,24,|23|,|23|24|,|
TAPESTRY-1630,24,24,|23|,|23|24|,|
TAPESTRY-1626,24,24,|3|,|3|4|5|6|7|8|9|10|11|12|13|14|15|16|17|18|19|20|21|22|23|24|,|
TAPESTRY-1631,24,24,|3|,|3|4|5|6|7|8|9|10|11|12|13|14|15|16|17|18|19|20|21|22|23|24|,|
TAPESTRY-1597,23,24,|,|23|24|,|5.0|
TAPESTRY-1629,24,24,|,|24|,|5.0|
TAPESTRY-1606,24,24,|,|24|,|5.0|
TAPESTRY-1604,23,24,|3|,|3|4|5|6|7|8|9|10|11|12|13|14|15|16|17|18|19|20|21|22|23|24|,|
TAPESTRY-1417,23,24,|2|,|2|3|4|5|6|7|8|9|10|11|12|13|14|15|16|17|18|19|20|21|22|23|24|,|
TAPESTRY-1471,23,24,|,|23|24|,|5.0|
TAPESTRY-1648,24,25,|3|,|3|4|5|6|7|8|9|10|11|12|13|14|15|16|17|18|19|20|21|22|23|24|25|,|
TAPESTRY-1746,24,25,|3|,|3|4|5|6|7|8|9|10|11|12|13|14|15|16|17|18|19|20|21|22|23|24|25|,|
TAPESTRY-1752,25,25,|3|,|3|4|5|6|7|8|9|10|11|12|13|14|15|16|17|18|19|20|21|22|23|24|25|,|
TAPESTRY-1755,25,25,|23|,|23|24|25|,|
TAPESTRY-1730,24,25,|3|,|3|4|5|6|7|8|9|10|11|12|13|14|15|16|17|18|19|20|21|22|23|24|25|,|
TAPESTRY-1625,24,25,|3|,|3|4|5|6|7|8|9|10|11|12|13|14|15|16|17|18|19|20|21|22|23|24|25|,|
TAPESTRY-1731,24,25,|3|,|3|4|5|6|7|8|9|10|11|12|13|14|15|16|17|18|19|20|21|22|23|24|25|,|
TAPESTRY-1702,24,25,|3|,|3|4|5|6|7|8|9|10|11|12|13|14|15|16|17|18|19|20|21|22|23|24|25|,|
TAPESTRY-1789,25,25,|3|,|3|4|5|6|7|8|9|10|11|12|13|14|15|16|17|18|19|20|21|22|23|24|25|,|
TAPESTRY-1785,25,25,|3|,|3|4|5|6|7|8|9|10|11|12|13|14|15|16|17|18|19|20|21|22|23|24|25|,|
TAPESTRY-1709,24,25,|3|,|3|4|5|6|7|8|9|10|11|12|13|14|15|16|17|18|19|20|21|22|23|24|25|,|
TAPESTRY-1328,23,25,|,|23|24|25|,|5.0|
TAPESTRY-1790,25,25,|3|,|3|4|5|6|7|8|9|10|11|12|13|14|15|16|17|18|19|20|21|22|23|24|25|,|
TAPESTRY-1815,25,25,|3|,|3|4|5|6|7|8|9|10|11|12|13|14|15|16|17|18|19|20|21|22|23|24|25|,|
TAPESTRY-1715,24,25,|3|,|3|4|5|6|7|8|9|10|11|12|13|14|15|16|17|18|19|20|21|22|23|24|25|,|
TAPESTRY-1825,25,25,|3|,|3|4|5|6|7|8|9|10|11|12|13|14|15|16|17|18|19|20|21|22|23|24|25|,|
TAPESTRY-1735,24,25,|3|,|3|4|5|6|7|8|9|10|11|12|13|14|15|16|17|18|19|20|21|22|23|24|25|,|
TAPESTRY-1345,23,25,|,|23|24|25|,|5.0|
TAPESTRY-1824,25,25,|3|,|3|4|5|6|7|8|9|10|11|12|13|14|15|16|17|18|19|20|21|22|23|24|25|,|
TAPESTRY-1809,25,25,|4|,|4|5|6|7|8|9|10|11|12|13|14|15|16|17|18|19|20|21|22|23|24|25|,|
TAPESTRY-1831,25,25,|3|,|3|4|5|6|7|8|9|10|11|12|13|14|15|16|17|18|19|20|21|22|23|24|25|,|
TAPESTRY-1602,23,25,|3|,|3|4|5|6|7|8|9|10|11|12|13|14|15|16|17|18|19|20|21|22|23|24|25|,|
TAPESTRY-1748,25,25,|3|4|,|3|4|5|6|7|8|9|10|11|12|13|14|15|16|17|18|19|20|21|22|23|24|25|,|
TAPESTRY-1882,25,25,|,|25|,|5.0|
TAPESTRY-1864,25,25,|4|,|4|5|6|7|8|9|10|11|12|13|14|15|16|17|18|19|20|21|22|23|24|25|,|
TAPESTRY-1898,25,25,|4|,|4|5|6|7|8|9|10|11|12|13|14|15|16|17|18|19|20|21|22|23|24|25|,|
TAPESTRY-1870,25,25,|4|,|4|5|6|7|8|9|10|11|12|13|14|15|16|17|18|19|20|21|22|23|24|25|,|
TAPESTRY-1871,25,25,|4|,|4|5|6|7|8|9|10|11|12|13|14|15|16|17|18|19|20|21|22|23|24|25|,|
TAPESTRY-1863,25,25,|4|,|4|5|6|7|8|9|10|11|12|13|14|15|16|17|18|19|20|21|22|23|24|25|,|
TAPESTRY-1922,25,25,|5|,|5|6|7|8|9|10|11|12|13|14|15|16|17|18|19|20|21|22|23|24|25|,|
TAPESTRY-1927,25,25,|4|,|4|5|6|7|8|9|10|11|12|13|14|15|16|17|18|19|20|21|22|23|24|25|,|
TAPESTRY-1896,25,25,|4|,|4|5|6|7|8|9|10|11|12|13|14|15|16|17|18|19|20|21|22|23|24|25|,|
TAPESTRY-1878,25,25,|1|2|3|4|5|,|1|2|3|4|5|6|7|8|9|10|11|12|13|14|15|16|17|18|19|20|21|22|23|24|25|,|5.0|
TAPESTRY-1858,25,25,|4|5|,|4|5|6|7|8|9|10|11|12|13|14|15|16|17|18|19|20|21|22|23|24|25|,|5.0|
TAPESTRY-1855,25,25,|4|,|4|5|6|7|8|9|10|11|12|13|14|15|16|17|18|19|20|21|22|23|24|25|,|
TAPESTRY-1846,25,25,|4|,|4|5|6|7|8|9|10|11|12|13|14|15|16|17|18|19|20|21|22|23|24|25|,|
TAPESTRY-1816,25,25,|,|25|,|5.0|
TAPESTRY-1771,25,25,|3|,|3|4|5|6|7|8|9|10|11|12|13|14|15|16|17|18|19|20|21|22|23|24|25|,|
TAPESTRY-1745,24,25,|3|,|3|4|5|6|7|8|9|10|11|12|13|14|15|16|17|18|19|20|21|22|23|24|25|,|
TAPESTRY-1723,24,25,|3|,|3|4|5|6|7|8|9|10|11|12|13|14|15|16|17|18|19|20|21|22|23|24|25|,|
TAPESTRY-1658,24,25,|3|,|3|4|5|6|7|8|9|10|11|12|13|14|15|16|17|18|19|20|21|22|23|24|25|,|
TAPESTRY-1627,24,25,|3|,|3|4|5|6|7|8|9|10|11|12|13|14|15|16|17|18|19|20|21|22|23|24|25|,|
TAPESTRY-1558,23,25,|3|,|3|4|5|6|7|8|9|10|11|12|13|14|15|16|17|18|19|20|21|22|23|24|25|,|
TAPESTRY-1555,23,25,|1|2|,|1|2|3|4|5|6|7|8|9|10|11|12|13|14|15|16|17|18|19|20|21|22|23|24|25|,|5.0|
TAPESTRY-1937,25,25,|4|,|4|5|6|7|8|9|10|11|12|13|14|15|16|17|18|19|20|21|22|23|24|25|,|
TAPESTRY-1820,25,25,|24|,|24|25|,|
TAPESTRY-1834,25,25,|4|,|4|5|6|7|8|9|10|11|12|13|14|15|16|17|18|19|20|21|22|23|24|25|,|
TAPESTRY-1947,25,25,|4|,|4|5|6|7|8|9|10|11|12|13|14|15|16|17|18|19|20|21|22|23|24|25|,|
TAPESTRY-1838,25,25,|4|,|4|5|6|7|8|9|10|11|12|13|14|15|16|17|18|19|20|21|22|23|24|25|,|
TAPESTRY-1608,24,25,|,|24|25|,|5.0|
TAPESTRY-1946,25,25,|4|,|4|5|6|7|8|9|10|11|12|13|14|15|16|17|18|19|20|21|22|23|24|25|,|
TAPESTRY-1756,25,25,|3|,|3|4|5|6|7|8|9|10|11|12|13|14|15|16|17|18|19|20|21|22|23|24|25|,|
TAPESTRY-1952,25,25,|4|,|4|5|6|7|8|9|10|11|12|13|14|15|16|17|18|19|20|21|22|23|24|25|,|
TAPESTRY-1943,25,25,|5|,|5|6|7|8|9|10|11|12|13|14|15|16|17|18|19|20|21|22|23|24|25|,|
TAPESTRY-1960,25,25,|3|,|3|4|5|6|7|8|9|10|11|12|13|14|15|16|17|18|19|20|21|22|23|24|25|,|
TAPESTRY-1934,25,25,|4|,|4|5|6|7|8|9|10|11|12|13|14|15|16|17|18|19|20|21|22|23|24|25|,|
TAPESTRY-1879,25,25,|5|,|5|6|7|8|9|10|11|12|13|14|15|16|17|18|19|20|21|22|23|24|25|,|
TAPESTRY-1936,25,25,|5|,|5|6|7|8|9|10|11|12|13|14|15|16|17|18|19|20|21|22|23|24|25|,|
TAPESTRY-1966,25,25,|4|,|4|5|6|7|8|9|10|11|12|13|14|15|16|17|18|19|20|21|22|23|24|25|,|
TAPESTRY-1975,25,25,|4|,|4|5|6|7|8|9|10|11|12|13|14|15|16|17|18|19|20|21|22|23|24|25|,|
TAPESTRY-1949,25,25,|5|,|5|6|7|8|9|10|11|12|13|14|15|16|17|18|19|20|21|22|23|24|25|,|
TAPESTRY-1944,25,25,|4|,|4|5|6|7|8|9|10|11|12|13|14|15|16|17|18|19|20|21|22|23|24|25|,|
TAPESTRY-1541,23,25,|3|,|3|4|5|6|7|8|9|10|11|12|13|14|15|16|17|18|19|20|21|22|23|24|25|,|
TAPESTRY-1925,25,25,|4|,|4|5|6|7|8|9|10|11|12|13|14|15|16|17|18|19|20|21|22|23|24|25|,|
TAPESTRY-1970,25,25,|4|,|4|5|6|7|8|9|10|11|12|13|14|15|16|17|18|19|20|21|22|23|24|25|,|
TAPESTRY-1950,25,25,|5|,|5|6|7|8|9|10|11|12|13|14|15|16|17|18|19|20|21|22|23|24|25|,|
TAPESTRY-1698,24,25,|3|,|3|4|5|6|7|8|9|10|11|12|13|14|15|16|17|18|19|20|21|22|23|24|25|,|
TAPESTRY-1600,23,25,|1|2|3|4|5|,|1|2|3|4|5|6|7|8|9|10|11|12|13|14|15|16|17|18|19|20|21|22|23|24|25|,|5.0|
TAPESTRY-1968,25,25,|4|,|4|5|6|7|8|9|10|11|12|13|14|15|16|17|18|19|20|21|22|23|24|25|,|
TAPESTRY-1911,25,25,|1|2|3|4|,|1|2|3|4|5|6|7|8|9|10|11|12|13|14|15|16|17|18|19|20|21|22|23|24|25|,|
TAPESTRY-1988,25,25,|1|2|3|4|,|1|2|3|4|5|6|7|8|9|10|11|12|13|14|15|16|17|18|19|20|21|22|23|24|25|,|
TAPESTRY-1984,25,25,|5|,|5|6|7|8|9|10|11|12|13|14|15|16|17|18|19|20|21|22|23|24|25|,|
TAPESTRY-1948,25,25,|5|,|5|6|7|8|9|10|11|12|13|14|15|16|17|18|19|20|21|22|23|24|25|,|
TAPESTRY-1971,25,25,|4|,|4|5|6|7|8|9|10|11|12|13|14|15|16|17|18|19|20|21|22|23|24|25|,|
TAPESTRY-2005,25,25,|5|,|5|6|7|8|9|10|11|12|13|14|15|16|17|18|19|20|21|22|23|24|25|,|
TAPESTRY-1776,25,25,|3|,|3|4|5|6|7|8|9|10|11|12|13|14|15|16|17|18|19|20|21|22|23|24|25|,|
TAPESTRY-1678,24,25,|3|,|3|4|5|6|7|8|9|10|11|12|13|14|15|16|17|18|19|20|21|22|23|24|25|,|
TAPESTRY-1546,23,25,|1|2|3|,|1|2|3|4|5|6|7|8|9|10|11|12|13|14|15|16|17|18|19|20|21|22|23|24|25|,|5.0|
TAPESTRY-1961,25,25,|5|,|5|6|7|8|9|10|11|12|13|14|15|16|17|18|19|20|21|22|23|24|25|,|
TAPESTRY-1928,25,25,|4|,|4|5|6|7|8|9|10|11|12|13|14|15|16|17|18|19|20|21|22|23|24|25|,|
TAPESTRY-1628,24,25,|3|,|3|4|5|6|7|8|9|10|11|12|13|14|15|16|17|18|19|20|21|22|23|24|25|,|
TAPESTRY-1713,24,25,|3|,|3|4|5|6|7|8|9|10|11|12|13|14|15|16|17|18|19|20|21|22|23|24|25|,|
TAPESTRY-1926,25,25,|4|,|4|5|6|7|8|9|10|11|12|13|14|15|16|17|18|19|20|21|22|23|24|25|,|
TAPESTRY-1893,25,25,|4|,|4|5|6|7|8|9|10|11|12|13|14|15|16|17|18|19|20|21|22|23|24|25|,|
TAPESTRY-1880,25,25,|,|25|,|5.0|
TAPESTRY-1865,25,25,|4|,|4|5|6|7|8|9|10|11|12|13|14|15|16|17|18|19|20|21|22|23|24|25|,|
TAPESTRY-1849,25,25,|3|,|3|4|5|6|7|8|9|10|11|12|13|14|15|16|17|18|19|20|21|22|23|24|25|,|
TAPESTRY-1484,23,25,|1|2|,|1|2|3|4|5|6|7|8|9|10|11|12|13|14|15|16|17|18|19|20|21|22|23|24|25|,|
TAPESTRY-2013,25,25,|5|,|5|6|7|8|9|10|11|12|13|14|15|16|17|18|19|20|21|22|23|24|25|,|
TAPESTRY-2019,25,25,|5|,|5|6|7|8|9|10|11|12|13|14|15|16|17|18|19|20|21|22|23|24|25|,|
TAPESTRY-1986,25,25,|5|,|5|6|7|8|9|10|11|12|13|14|15|16|17|18|19|20|21|22|23|24|25|,|
TAPESTRY-2010,25,25,|6|,|6|7|8|9|10|11|12|13|14|15|16|17|18|19|20|21|22|23|24|25|,|
TAPESTRY-1823,25,25,|3|,|3|4|5|6|7|8|9|10|11|12|13|14|15|16|17|18|19|20|21|22|23|24|25|,|
TAPESTRY-1840,25,25,|,|25|,|5.0|
TAPESTRY-2017,25,25,|5|,|5|6|7|8|9|10|11|12|13|14|15|16|17|18|19|20|21|22|23|24|25|,|
TAPESTRY-2028,25,25,|5|,|5|6|7|8|9|10|11|12|13|14|15|16|17|18|19|20|21|22|23|24|25|,|
TAPESTRY-1461,23,25,|2|,|2|3|4|5|6|7|8|9|10|11|12|13|14|15|16|17|18|19|20|21|22|23|24|25|,|
TAPESTRY-2033,25,25,|6|,|6|7|8|9|10|11|12|13|14|15|16|17|18|19|20|21|22|23|24|25|,|
TAPESTRY-2007,25,25,|5|,|5|6|7|8|9|10|11|12|13|14|15|16|17|18|19|20|21|22|23|24|25|,|
TAPESTRY-2045,25,25,|6|,|6|7|8|9|10|11|12|13|14|15|16|17|18|19|20|21|22|23|24|25|,|
TAPESTRY-2044,25,25,|5|,|5|6|7|8|9|10|11|12|13|14|15|16|17|18|19|20|21|22|23|24|25|,|
TAPESTRY-1598,23,25,|3|,|3|4|5|6|7|8|9|10|11|12|13|14|15|16|17|18|19|20|21|22|23|24|25|,|
TAPESTRY-1957,25,25,|4|,|4|5|6|7|8|9|10|11|12|13|14|15|16|17|18|19|20|21|22|23|24|25|,|
TAPESTRY-1836,25,25,|3|,|3|4|5|6|7|8|9|10|11|12|13|14|15|16|17|18|19|20|21|22|23|24|25|,|
TAPESTRY-1941,25,25,|4|,|4|5|6|7|8|9|10|11|12|13|14|15|16|17|18|19|20|21|22|23|24|25|,|
TAPESTRY-1595,23,25,|3|,|3|4|5|6|7|8|9|10|11|12|13|14|15|16|17|18|19|20|21|22|23|24|25|,|
TAPESTRY-2026,25,25,|4|5|,|4|5|6|7|8|9|10|11|12|13|14|15|16|17|18|19|20|21|22|23|24|25|,|
TAPESTRY-1821,25,25,|4|,|4|5|6|7|8|9|10|11|12|13|14|15|16|17|18|19|20|21|22|23|24|25|,|
TAPESTRY-1636,24,25,|3|,|3|4|5|6|7|8|9|10|11|12|13|14|15|16|17|18|19|20|21|22|23|24|25|,|
TAPESTRY-1377,23,25,|1|,|1|2|3|4|5|6|7|8|9|10|11|12|13|14|15|16|17|18|19|20|21|22|23|24|25|,|
TAPESTRY-1611,24,25,|2|,|2|3|4|5|6|7|8|9|10|11|12|13|14|15|16|17|18|19|20|21|22|23|24|25|,|
TAPESTRY-1315,23,25,|,|23|24|25|,|5.0|
TAPESTRY-2035,25,25,|6|,|6|7|8|9|10|11|12|13|14|15|16|17|18|19|20|21|22|23|24|25|,|
TAPESTRY-2074,25,25,|5|,|5|6|7|8|9|10|11|12|13|14|15|16|17|18|19|20|21|22|23|24|25|,|
TAPESTRY-1727,24,25,|3|,|3|4|5|6|7|8|9|10|11|12|13|14|15|16|17|18|19|20|21|22|23|24|25|,|
TAPESTRY-2083,25,25,|7|,|7|8|9|10|11|12|13|14|15|16|17|18|19|20|21|22|23|24|25|,|
TAPESTRY-1850,25,25,|3|,|3|4|5|6|7|8|9|10|11|12|13|14|15|16|17|18|19|20|21|22|23|24|25|,|
TAPESTRY-1518,23,25,|1|2|,|1|2|3|4|5|6|7|8|9|10|11|12|13|14|15|16|17|18|19|20|21|22|23|24|25|,|5.0|
TAPESTRY-2089,25,25,|4|5|6|7|,|4|5|6|7|8|9|10|11|12|13|14|15|16|17|18|19|20|21|22|23|24|25|,|
TAPESTRY-2088,25,25,|7|,|7|8|9|10|11|12|13|14|15|16|17|18|19|20|21|22|23|24|25|,|
TAPESTRY-2079,25,25,|,|25|,|5.0|
TAPESTRY-2064,25,25,|6|,|6|7|8|9|10|11|12|13|14|15|16|17|18|19|20|21|22|23|24|25|,|
TAPESTRY-1568,23,25,|3|,|3|4|5|6|7|8|9|10|11|12|13|14|15|16|17|18|19|20|21|22|23|24|25|,|
TAPESTRY-2046,25,25,|6|,|6|7|8|9|10|11|12|13|14|15|16|17|18|19|20|21|22|23|24|25|,|
TAPESTRY-2094,25,25,|8|,|8|9|10|11|12|13|14|15|16|17|18|19|20|21|22|23|24|25|,|
TAPESTRY-2052,25,25,|6|,|6|7|8|9|10|11|12|13|14|15|16|17|18|19|20|21|22|23|24|25|,|
TAPESTRY-1853,25,25,|5|,|5|6|7|8|9|10|11|12|13|14|15|16|17|18|19|20|21|22|23|24|25|,|
TAPESTRY-2092,25,25,|24|,|24|25|,|
TAPESTRY-1594,23,25,|3|,|3|4|5|6|7|8|9|10|11|12|13|14|15|16|17|18|19|20|21|22|23|24|25|,|
TAPESTRY-2110,25,25,|7|,|7|8|9|10|11|12|13|14|15|16|17|18|19|20|21|22|23|24|25|,|
TAPESTRY-2118,25,25,|8|,|8|9|10|11|12|13|14|15|16|17|18|19|20|21|22|23|24|25|,|
TAPESTRY-2127,25,25,|7|,|7|8|9|10|11|12|13|14|15|16|17|18|19|20|21|22|23|24|25|,|
TAPESTRY-2085,25,25,|8|,|8|9|10|11|12|13|14|15|16|17|18|19|20|21|22|23|24|25|,|
TAPESTRY-1822,25,25,|3|,|3|4|5|6|7|8|9|10|11|12|13|14|15|16|17|18|19|20|21|22|23|24|25|,|
TAPESTRY-2128,25,25,|7|,|7|8|9|10|11|12|13|14|15|16|17|18|19|20|21|22|23|24|25|,|
TAPESTRY-2095,25,25,|6|7|,|6|7|8|9|10|11|12|13|14|15|16|17|18|19|20|21|22|23|24|25|,|
TAPESTRY-2054,25,26,|6|,|6|7|8|9|10|11|12|13|14|15|16|17|18|19|20|21|22|23|24|25|26|,|
TAPESTRY-1998,25,26,|6|,|6|7|8|9|10|11|12|13|14|15|16|17|18|19|20|21|22|23|24|25|26|,|
TAPESTRY-1993,25,26,|5|,|5|6|7|8|9|10|11|12|13|14|15|16|17|18|19|20|21|22|23|24|25|26|,|
TAPESTRY-2129,25,26,|8|,|8|9|10|11|12|13|14|15|16|17|18|19|20|21|22|23|24|25|26|,|
TAPESTRY-1901,25,26,|4|,|4|5|6|7|8|9|10|11|12|13|14|15|16|17|18|19|20|21|22|23|24|25|26|,|
TAPESTRY-1444,23,26,|1|,|1|2|3|4|5|6|7|8|9|10|11|12|13|14|15|16|17|18|19|20|21|22|23|24|25|26|,|
TAPESTRY-2114,25,26,|5|,|5|6|7|8|9|10|11|12|13|14|15|16|17|18|19|20|21|22|23|24|25|26|,|
TAPESTRY-2099,25,26,|8|,|8|9|10|11|12|13|14|15|16|17|18|19|20|21|22|23|24|25|26|,|
TAPESTRY-2080,25,26,|6|,|6|7|8|9|10|11|12|13|14|15|16|17|18|19|20|21|22|23|24|25|26|,|
TAPESTRY-2027,25,26,|6|,|6|7|8|9|10|11|12|13|14|15|16|17|18|19|20|21|22|23|24|25|26|,|
TAPESTRY-2048,25,26,|6|,|6|7|8|9|10|11|12|13|14|15|16|17|18|19|20|21|22|23|24|25|26|,|
TAPESTRY-1969,25,26,|5|,|5|6|7|8|9|10|11|12|13|14|15|16|17|18|19|20|21|22|23|24|25|26|,|
TAPESTRY-2135,25,26,|7|8|,|7|8|9|10|11|12|13|14|15|16|17|18|19|20|21|22|23|24|25|26|,|
TAPESTRY-1939,25,26,|4|,|4|5|6|7|8|9|10|11|12|13|14|15|16|17|18|19|20|21|22|23|24|25|26|,|
TAPESTRY-2149,26,26,|8|,|8|9|10|11|12|13|14|15|16|17|18|19|20|21|22|23|24|25|26|,|
TAPESTRY-2145,26,26,|7|,|7|8|9|10|11|12|13|14|15|16|17|18|19|20|21|22|23|24|25|26|,|
TAPESTRY-2141,26,26,|8|,|8|9|10|11|12|13|14|15|16|17|18|19|20|21|22|23|24|25|26|,|
TAPESTRY-2151,26,26,|8|,|8|9|10|11|12|13|14|15|16|17|18|19|20|21|22|23|24|25|26|,|
TAPESTRY-2103,25,26,|7|,|7|8|9|10|11|12|13|14|15|16|17|18|19|20|21|22|23|24|25|26|,|
TAPESTRY-2147,26,26,|8|,|8|9|10|11|12|13|14|15|16|17|18|19|20|21|22|23|24|25|26|,|
TAPESTRY-2108,25,26,|7|,|7|8|9|10|11|12|13|14|15|16|17|18|19|20|21|22|23|24|25|26|,|
TAPESTRY-2106,25,26,|8|,|8|9|10|11|12|13|14|15|16|17|18|19|20|21|22|23|24|25|26|,|5.0|
TAPESTRY-2177,26,26,|8|9|,|8|9|10|11|12|13|14|15|16|17|18|19|20|21|22|23|24|25|26|,|
TAPESTRY-2175,26,26,|4|,|4|5|6|7|8|9|10|11|12|13|14|15|16|17|18|19|20|21|22|23|24|25|26|,|
TAPESTRY-2178,26,26,|7|8|,|7|8|9|10|11|12|13|14|15|16|17|18|19|20|21|22|23|24|25|26|,|
TAPESTRY-2172,26,26,|8|,|8|9|10|11|12|13|14|15|16|17|18|19|20|21|22|23|24|25|26|,|
TAPESTRY-2185,26,26,|8|,|8|9|10|11|12|13|14|15|16|17|18|19|20|21|22|23|24|25|26|,|
TAPESTRY-2184,26,26,|8|,|8|9|10|11|12|13|14|15|16|17|18|19|20|21|22|23|24|25|26|,|
TAPESTRY-1508,23,26,|3|,|3|4|5|6|7|8|9|10|11|12|13|14|15|16|17|18|19|20|21|22|23|24|25|26|,|
TAPESTRY-2117,25,26,|7|,|7|8|9|10|11|12|13|14|15|16|17|18|19|20|21|22|23|24|25|26|,|
TAPESTRY-1475,23,26,|,|23|24|25|26|,|5.0|
TAPESTRY-2146,26,26,|7|,|7|8|9|10|11|12|13|14|15|16|17|18|19|20|21|22|23|24|25|26|,|
TAPESTRY-2192,26,26,|9|,|9|10|11|12|13|14|15|16|17|18|19|20|21|22|23|24|25|26|,|
TAPESTRY-2150,26,26,|8|,|8|9|10|11|12|13|14|15|16|17|18|19|20|21|22|23|24|25|26|,|
TAPESTRY-2199,26,26,|9|,|9|10|11|12|13|14|15|16|17|18|19|20|21|22|23|24|25|26|,|
TAPESTRY-2188,26,26,|8|,|8|9|10|11|12|13|14|15|16|17|18|19|20|21|22|23|24|25|26|,|
TAPESTRY-1869,25,26,|,|25|26|,|5.0|
TAPESTRY-2190,26,26,|9|,|9|10|11|12|13|14|15|16|17|18|19|20|21|22|23|24|25|26|,|
TAPESTRY-2203,26,26,|9|,|9|10|11|12|13|14|15|16|17|18|19|20|21|22|23|24|25|26|,|
TAPESTRY-2208,26,26,|8|,|8|9|10|11|12|13|14|15|16|17|18|19|20|21|22|23|24|25|26|,|
TAPESTRY-2206,26,26,|8|,|8|9|10|11|12|13|14|15|16|17|18|19|20|21|22|23|24|25|26|,|
TAPESTRY-1972,25,26,|4|,|4|5|6|7|8|9|10|11|12|13|14|15|16|17|18|19|20|21|22|23|24|25|26|,|
TAPESTRY-2209,26,26,|9|,|9|10|11|12|13|14|15|16|17|18|19|20|21|22|23|24|25|26|,|
TAPESTRY-1780,25,26,|3|,|3|4|5|6|7|8|9|10|11|12|13|14|15|16|17|18|19|20|21|22|23|24|25|26|,|
TAPESTRY-2196,26,26,|8|,|8|9|10|11|12|13|14|15|16|17|18|19|20|21|22|23|24|25|26|,|
TAPESTRY-1225,23,26,|,|23|24|25|26|,|5.0|
TAPESTRY-2219,26,26,|8|,|8|9|10|11|12|13|14|15|16|17|18|19|20|21|22|23|24|25|26|,|
TAPESTRY-2220,26,26,|8|,|8|9|10|11|12|13|14|15|16|17|18|19|20|21|22|23|24|25|26|,|
TAPESTRY-2221,26,26,|8|,|8|9|10|11|12|13|14|15|16|17|18|19|20|21|22|23|24|25|26|,|
TAPESTRY-2176,26,26,|8|,|8|9|10|11|12|13|14|15|16|17|18|19|20|21|22|23|24|25|26|,|
TAPESTRY-1605,24,26,|3|,|3|4|5|6|7|8|9|10|11|12|13|14|15|16|17|18|19|20|21|22|23|24|25|26|,|
TAPESTRY-2212,26,26,|9|,|9|10|11|12|13|14|15|16|17|18|19|20|21|22|23|24|25|26|,|
TAPESTRY-1909,25,26,|4|,|4|5|6|7|8|9|10|11|12|13|14|15|16|17|18|19|20|21|22|23|24|25|26|,|
TAPESTRY-2066,25,26,|6|,|6|7|8|9|10|11|12|13|14|15|16|17|18|19|20|21|22|23|24|25|26|,|
TAPESTRY-2226,26,26,|9|,|9|10|11|12|13|14|15|16|17|18|19|20|21|22|23|24|25|26|,|
TAPESTRY-2229,26,26,|9|,|9|10|11|12|13|14|15|16|17|18|19|20|21|22|23|24|25|26|,|
TAPESTRY-2240,26,26,|8|,|8|9|10|11|12|13|14|15|16|17|18|19|20|21|22|23|24|25|26|,|
TAPESTRY-2238,26,26,|9|,|9|10|11|12|13|14|15|16|17|18|19|20|21|22|23|24|25|26|,|
TAPESTRY-2245,26,26,|9|,|9|10|11|12|13|14|15|16|17|18|19|20|21|22|23|24|25|26|,|
TAPESTRY-2260,26,26,|9|,|9|10|11|12|13|14|15|16|17|18|19|20|21|22|23|24|25|26|,|
TAPESTRY-2259,26,26,|9|,|9|10|11|12|13|14|15|16|17|18|19|20|21|22|23|24|25|26|,|
TAPESTRY-2271,26,26,|9|,|9|10|11|12|13|14|15|16|17|18|19|20|21|22|23|24|25|26|,|
TAPESTRY-2254,26,26,|10|,|10|11|12|13|14|15|16|17|18|19|20|21|22|23|24|25|26|,|
TAPESTRY-2268,26,26,|9|10|,|9|10|11|12|13|14|15|16|17|18|19|20|21|22|23|24|25|26|,|
TAPESTRY-1921,25,26,|4|,|4|5|6|7|8|9|10|11|12|13|14|15|16|17|18|19|20|21|22|23|24|25|26|,|
TAPESTRY-2267,26,26,|9|,|9|10|11|12|13|14|15|16|17|18|19|20|21|22|23|24|25|26|,|
TAPESTRY-2262,26,26,|9|,|9|10|11|12|13|14|15|16|17|18|19|20|21|22|23|24|25|26|,|
TAPESTRY-2261,26,26,|9|,|9|10|11|12|13|14|15|16|17|18|19|20|21|22|23|24|25|26|,|
TAPESTRY-2284,26,26,|10|,|10|11|12|13|14|15|16|17|18|19|20|21|22|23|24|25|26|,|
TAPESTRY-2255,26,26,|8|,|8|9|10|11|12|13|14|15|16|17|18|19|20|21|22|23|24|25|26|,|
TAPESTRY-2123,25,26,|7|,|7|8|9|10|11|12|13|14|15|16|17|18|19|20|21|22|23|24|25|26|,|
TAPESTRY-2265,26,26,|9|,|9|10|11|12|13|14|15|16|17|18|19|20|21|22|23|24|25|26|,|
TAPESTRY-2293,26,26,|9|,|9|10|11|12|13|14|15|16|17|18|19|20|21|22|23|24|25|26|,|
TAPESTRY-2318,26,26,|9|,|9|10|11|12|13|14|15|16|17|18|19|20|21|22|23|24|25|26|,|
TAPESTRY-2037,25,26,|5|,|5|6|7|8|9|10|11|12|13|14|15|16|17|18|19|20|21|22|23|24|25|26|,|
TAPESTRY-2320,26,26,|9|,|9|10|11|12|13|14|15|16|17|18|19|20|21|22|23|24|25|26|,|
TAPESTRY-2322,26,26,|9|,|9|10|11|12|13|14|15|16|17|18|19|20|21|22|23|24|25|26|,|
TAPESTRY-2323,26,26,|9|,|9|10|11|12|13|14|15|16|17|18|19|20|21|22|23|24|25|26|,|
TAPESTRY-2333,26,26,|9|,|9|10|11|12|13|14|15|16|17|18|19|20|21|22|23|24|25|26|,|
TAPESTRY-2316,26,26,|9|,|9|10|11|12|13|14|15|16|17|18|19|20|21|22|23|24|25|26|,|
TAPESTRY-2258,26,26,|9|,|9|10|11|12|13|14|15|16|17|18|19|20|21|22|23|24|25|26|,|
TAPESTRY-2247,26,26,|8|,|8|9|10|11|12|13|14|15|16|17|18|19|20|21|22|23|24|25|26|,|
TAPESTRY-2335,26,26,|10|,|10|11|12|13|14|15|16|17|18|19|20|21|22|23|24|25|26|,|
TAPESTRY-2339,26,26,|9|,|9|10|11|12|13|14|15|16|17|18|19|20|21|22|23|24|25|26|,|
TAPESTRY-2344,26,26,|9|,|9|10|11|12|13|14|15|16|17|18|19|20|21|22|23|24|25|26|,|
TAPESTRY-2346,26,26,|9|,|9|10|11|12|13|14|15|16|17|18|19|20|21|22|23|24|25|26|,|
TAPESTRY-2353,26,26,|9|,|9|10|11|12|13|14|15|16|17|18|19|20|21|22|23|24|25|26|,|
TAPESTRY-2340,26,26,|9|,|9|10|11|12|13|14|15|16|17|18|19|20|21|22|23|24|25|26|,|
TAPESTRY-2336,26,26,|10|,|10|11|12|13|14|15|16|17|18|19|20|21|22|23|24|25|26|,|
TAPESTRY-2351,26,26,|9|,|9|10|11|12|13|14|15|16|17|18|19|20|21|22|23|24|25|26|,|
TAPESTRY-2338,26,26,|9|,|9|10|11|12|13|14|15|16|17|18|19|20|21|22|23|24|25|26|,|
TAPESTRY-2343,26,26,|9|,|9|10|11|12|13|14|15|16|17|18|19|20|21|22|23|24|25|26|,|
TAPESTRY-2306,26,26,|9|,|9|10|11|12|13|14|15|16|17|18|19|20|21|22|23|24|25|26|,|
TAPESTRY-2276,26,26,|9|,|9|10|11|12|13|14|15|16|17|18|19|20|21|22|23|24|25|26|,|
TAPESTRY-2381,26,26,|9|,|9|10|11|12|13|14|15|16|17|18|19|20|21|22|23|24|25|26|,|
TAPESTRY-2368,26,26,|10|,|10|11|12|13|14|15|16|17|18|19|20|21|22|23|24|25|26|,|
TAPESTRY-2401,26,26,|9|,|9|10|11|12|13|14|15|16|17|18|19|20|21|22|23|24|25|26|,|
TAPESTRY-2400,26,26,|10|,|10|11|12|13|14|15|16|17|18|19|20|21|22|23|24|25|26|,|
TAPESTRY-2398,26,26,|10|,|10|11|12|13|14|15|16|17|18|19|20|21|22|23|24|25|26|,|
TAPESTRY-2394,26,26,|10|,|10|11|12|13|14|15|16|17|18|19|20|21|22|23|24|25|26|,|
TAPESTRY-2371,26,26,|9|,|9|10|11|12|13|14|15|16|17|18|19|20|21|22|23|24|25|26|,|
TAPESTRY-2397,26,26,|9|,|9|10|11|12|13|14|15|16|17|18|19|20|21|22|23|24|25|26|,|
TAPESTRY-2372,26,26,|9|,|9|10|11|12|13|14|15|16|17|18|19|20|21|22|23|24|25|26|,|
TAPESTRY-2409,26,26,|10|,|10|11|12|13|14|15|16|17|18|19|20|21|22|23|24|25|26|,|
TAPESTRY-2411,26,26,|10|,|10|11|12|13|14|15|16|17|18|19|20|21|22|23|24|25|26|,|
TAPESTRY-2417,26,26,|10|,|10|11|12|13|14|15|16|17|18|19|20|21|22|23|24|25|26|,|
TAPESTRY-2416,26,26,|9|,|9|10|11|12|13|14|15|16|17|18|19|20|21|22|23|24|25|26|,|
TAPESTRY-2415,26,26,|9|10|,|9|10|11|12|13|14|15|16|17|18|19|20|21|22|23|24|25|26|,|
TAPESTRY-2396,26,26,|10|,|10|11|12|13|14|15|16|17|18|19|20|21|22|23|24|25|26|,|
TAPESTRY-2370,26,26,|9|,|9|10|11|12|13|14|15|16|17|18|19|20|21|22|23|24|25|26|,|
TAPESTRY-2385,26,26,|9|,|9|10|11|12|13|14|15|16|17|18|19|20|21|22|23|24|25|26|,|
TAPESTRY-2305,26,26,|9|,|9|10|11|12|13|14|15|16|17|18|19|20|21|22|23|24|25|26|,|
TAPESTRY-2419,26,26,|,|26|,|5.0|
TAPESTRY-2424,26,26,|10|,|10|11|12|13|14|15|16|17|18|19|20|21|22|23|24|25|26|,|
TAPESTRY-2341,26,26,|9|,|9|10|11|12|13|14|15|16|17|18|19|20|21|22|23|24|25|26|,|
TAPESTRY-2422,26,26,|9|,|9|10|11|12|13|14|15|16|17|18|19|20|21|22|23|24|25|26|,|
TAPESTRY-2436,26,26,|10|,|10|11|12|13|14|15|16|17|18|19|20|21|22|23|24|25|26|,|
TAPESTRY-2360,26,26,|10|,|10|11|12|13|14|15|16|17|18|19|20|21|22|23|24|25|26|,|
TAPESTRY-2349,26,26,|9|,|9|10|11|12|13|14|15|16|17|18|19|20|21|22|23|24|25|26|,|
TAPESTRY-2096,25,26,|7|,|7|8|9|10|11|12|13|14|15|16|17|18|19|20|21|22|23|24|25|26|,|
TAPESTRY-2427,26,26,|10|,|10|11|12|13|14|15|16|17|18|19|20|21|22|23|24|25|26|,|
TAPESTRY-2449,26,26,|11|,|11|12|13|14|15|16|17|18|19|20|21|22|23|24|25|26|,|
TAPESTRY-2448,26,26,|11|,|11|12|13|14|15|16|17|18|19|20|21|22|23|24|25|26|,|
TAPESTRY-2454,26,26,|10|,|10|11|12|13|14|15|16|17|18|19|20|21|22|23|24|25|26|,|
TAPESTRY-2450,26,26,|11|,|11|12|13|14|15|16|17|18|19|20|21|22|23|24|25|26|,|
TAPESTRY-1997,25,26,|4|,|4|5|6|7|8|9|10|11|12|13|14|15|16|17|18|19|20|21|22|23|24|25|26|,|
TAPESTRY-2468,26,26,|9|,|9|10|11|12|13|14|15|16|17|18|19|20|21|22|23|24|25|26|,|
TAPESTRY-2459,26,26,|11|,|11|12|13|14|15|16|17|18|19|20|21|22|23|24|25|26|,|
TAPESTRY-2471,26,26,|11|,|11|12|13|14|15|16|17|18|19|20|21|22|23|24|25|26|,|
TAPESTRY-2478,26,26,|11|,|11|12|13|14|15|16|17|18|19|20|21|22|23|24|25|26|,|
TAPESTRY-2476,26,26,|9|,|9|10|11|12|13|14|15|16|17|18|19|20|21|22|23|24|25|26|,|
TAPESTRY-2481,26,26,|11|,|11|12|13|14|15|16|17|18|19|20|21|22|23|24|25|26|,|
TAPESTRY-2484,26,26,|11|,|11|12|13|14|15|16|17|18|19|20|21|22|23|24|25|26|,|
TAPESTRY-2483,26,26,|11|,|11|12|13|14|15|16|17|18|19|20|21|22|23|24|25|26|,|
TAPESTRY-2490,26,26,|11|,|11|12|13|14|15|16|17|18|19|20|21|22|23|24|25|26|,|
TAPESTRY-2390,26,26,|9|10|,|9|10|11|12|13|14|15|16|17|18|19|20|21|22|23|24|25|26|,|5.0|
TAPESTRY-2492,26,26,|11|,|11|12|13|14|15|16|17|18|19|20|21|22|23|24|25|26|,|
TAPESTRY-2473,26,26,|9|10|11|,|9|10|11|12|13|14|15|16|17|18|19|20|21|22|23|24|25|26|,|
TAPESTRY-2500,26,26,|11|,|11|12|13|14|15|16|17|18|19|20|21|22|23|24|25|26|,|
TAPESTRY-2498,26,26,|11|,|11|12|13|14|15|16|17|18|19|20|21|22|23|24|25|26|,|
TAPESTRY-2508,26,26,|11|,|11|12|13|14|15|16|17|18|19|20|21|22|23|24|25|26|,|
TAPESTRY-2506,26,26,|11|,|11|12|13|14|15|16|17|18|19|20|21|22|23|24|25|26|,|
TAPESTRY-2514,26,26,|11|,|11|12|13|14|15|16|17|18|19|20|21|22|23|24|25|26|,|
TAPESTRY-2447,26,26,|11|,|11|12|13|14|15|16|17|18|19|20|21|22|23|24|25|26|,|
TAPESTRY-2528,26,26,|11|,|11|12|13|14|15|16|17|18|19|20|21|22|23|24|25|26|,|
TAPESTRY-2538,26,26,|11|,|11|12|13|14|15|16|17|18|19|20|21|22|23|24|25|26|,|
TAPESTRY-2527,26,26,|11|,|11|12|13|14|15|16|17|18|19|20|21|22|23|24|25|26|,|
TAPESTRY-2524,26,26,|11|,|11|12|13|14|15|16|17|18|19|20|21|22|23|24|25|26|,|
TAPESTRY-2522,26,26,|11|,|11|12|13|14|15|16|17|18|19|20|21|22|23|24|25|26|,|
TAPESTRY-2533,26,26,|11|,|11|12|13|14|15|16|17|18|19|20|21|22|23|24|25|26|,|
TAPESTRY-2523,26,26,|11|,|11|12|13|14|15|16|17|18|19|20|21|22|23|24|25|26|,|
TAPESTRY-2384,26,26,|,|26|,|5.0|
TAPESTRY-2504,26,26,|11|,|11|12|13|14|15|16|17|18|19|20|21|22|23|24|25|26|,|
TAPESTRY-2501,26,26,|11|,|11|12|13|14|15|16|17|18|19|20|21|22|23|24|25|26|,|
TAPESTRY-2408,26,26,|10|,|10|11|12|13|14|15|16|17|18|19|20|21|22|23|24|25|26|,|
TAPESTRY-2502,26,26,|11|,|11|12|13|14|15|16|17|18|19|20|21|22|23|24|25|26|,|
TAPESTRY-2279,26,26,|9|,|9|10|11|12|13|14|15|16|17|18|19|20|21|22|23|24|25|26|,|
TAPESTRY-2290,26,26,|9|,|9|10|11|12|13|14|15|16|17|18|19|20|21|22|23|24|25|26|,|
TAPESTRY-1293,23,26,|,|23|24|25|26|,|5.0|
TAPESTRY-2543,26,26,|11|,|11|12|13|14|15|16|17|18|19|20|21|22|23|24|25|26|,|
TAPESTRY-2507,26,26,|12|,|12|13|14|15|16|17|18|19|20|21|22|23|24|25|26|,|
TAPESTRY-2544,26,26,|11|,|11|12|13|14|15|16|17|18|19|20|21|22|23|24|25|26|,|
TAPESTRY-2386,26,26,|9|,|9|10|11|12|13|14|15|16|17|18|19|20|21|22|23|24|25|26|,|
TAPESTRY-2429,26,26,|10|,|10|11|12|13|14|15|16|17|18|19|20|21|22|23|24|25|26|,|
TAPESTRY-2539,26,26,|10|11|,|10|11|12|13|14|15|16|17|18|19|20|21|22|23|24|25|26|,|
TAPESTRY-1588,23,26,|3|,|3|4|5|6|7|8|9|10|11|12|13|14|15|16|17|18|19|20|21|22|23|24|25|26|,|
TAPESTRY-2559,26,26,|12|,|12|13|14|15|16|17|18|19|20|21|22|23|24|25|26|,|
TAPESTRY-2558,26,26,|12|,|12|13|14|15|16|17|18|19|20|21|22|23|24|25|26|,|
TAPESTRY-2304,26,26,|9|,|9|10|11|12|13|14|15|16|17|18|19|20|21|22|23|24|25|26|,|
TAPESTRY-2547,26,26,|11|,|11|12|13|14|15|16|17|18|19|20|21|22|23|24|25|26|,|
TAPESTRY-2563,26,26,|12|,|12|13|14|15|16|17|18|19|20|21|22|23|24|25|26|,|
TAPESTRY-2546,26,26,|11|,|11|12|13|14|15|16|17|18|19|20|21|22|23|24|25|26|,|
TAPESTRY-2545,26,26,|12|,|12|13|14|15|16|17|18|19|20|21|22|23|24|25|26|,|
TAPESTRY-2472,26,26,|11|12|,|11|12|13|14|15|16|17|18|19|20|21|22|23|24|25|26|,|
TAPESTRY-2536,26,26,|9|,|9|10|11|12|13|14|15|16|17|18|19|20|21|22|23|24|25|26|,|
TAPESTRY-2551,26,26,|11|,|11|12|13|14|15|16|17|18|19|20|21|22|23|24|25|26|,|
TAPESTRY-2585,26,26,|12|,|12|13|14|15|16|17|18|19|20|21|22|23|24|25|26|,|
TAPESTRY-2567,26,26,|12|,|12|13|14|15|16|17|18|19|20|21|22|23|24|25|26|,|
TAPESTRY-2598,26,26,|12|,|12|13|14|15|16|17|18|19|20|21|22|23|24|25|26|,|
TAPESTRY-2595,26,26,|12|,|12|13|14|15|16|17|18|19|20|21|22|23|24|25|26|,|
TAPESTRY-2601,26,26,|12|,|12|13|14|15|16|17|18|19|20|21|22|23|24|25|26|,|
TAPESTRY-2606,26,26,|12|,|12|13|14|15|16|17|18|19|20|21|22|23|24|25|26|,|
TAPESTRY-2314,26,26,|9|,|9|10|11|12|13|14|15|16|17|18|19|20|21|22|23|24|25|26|,|
TAPESTRY-2602,26,26,|12|,|12|13|14|15|16|17|18|19|20|21|22|23|24|25|26|,|
TAPESTRY-2526,26,26,|11|,|11|12|13|14|15|16|17|18|19|20|21|22|23|24|25|26|,|
TAPESTRY-2578,26,26,|12|,|12|13|14|15|16|17|18|19|20|21|22|23|24|25|26|,|
TAPESTRY-2357,26,26,|9|,|9|10|11|12|13|14|15|16|17|18|19|20|21|22|23|24|25|26|,|
TAPESTRY-2612,26,26,|23|,|23|24|25|26|,|
TAPESTRY-1856,25,26,|4|,|4|5|6|7|8|9|10|11|12|13|14|15|16|17|18|19|20|21|22|23|24|25|26|,|
TAPESTRY-2352,26,26,|9|,|9|10|11|12|13|14|15|16|17|18|19|20|21|22|23|24|25|26|,|
TAPESTRY-2619,26,26,|12|,|12|13|14|15|16|17|18|19|20|21|22|23|24|25|26|,|
TAPESTRY-2575,26,26,|11|,|11|12|13|14|15|16|17|18|19|20|21|22|23|24|25|26|,|
TAPESTRY-2520,26,26,|11|,|11|12|13|14|15|16|17|18|19|20|21|22|23|24|25|26|,|
TAPESTRY-2187,26,26,|9|,|9|10|11|12|13|14|15|16|17|18|19|20|21|22|23|24|25|26|,|
TAPESTRY-2511,26,26,|11|,|11|12|13|14|15|16|17|18|19|20|21|22|23|24|25|26|,|
TAPESTRY-2497,26,26,|12|,|12|13|14|15|16|17|18|19|20|21|22|23|24|25|26|,|
TAPESTRY-2635,26,26,|25|,|25|26|,|
TAPESTRY-2636,26,26,|12|,|12|13|14|15|16|17|18|19|20|21|22|23|24|25|26|,|
TAPESTRY-2633,26,26,|12|,|12|13|14|15|16|17|18|19|20|21|22|23|24|25|26|,|
TAPESTRY-2591,26,26,|13|,|13|14|15|16|17|18|19|20|21|22|23|24|25|26|,|
TAPESTRY-2617,26,26,|12|,|12|13|14|15|16|17|18|19|20|21|22|23|24|25|26|,|
TAPESTRY-2629,26,26,|12|,|12|13|14|15|16|17|18|19|20|21|22|23|24|25|26|,|
TAPESTRY-2634,26,26,|12|,|12|13|14|15|16|17|18|19|20|21|22|23|24|25|26|,|
TAPESTRY-2451,26,26,|10|,|10|11|12|13|14|15|16|17|18|19|20|21|22|23|24|25|26|,|
TAPESTRY-2626,26,26,|12|,|12|13|14|15|16|17|18|19|20|21|22|23|24|25|26|,|
TAPESTRY-2579,26,26,|12|,|12|13|14|15|16|17|18|19|20|21|22|23|24|25|26|,|
TAPESTRY-2324,26,26,|10|,|10|11|12|13|14|15|16|17|18|19|20|21|22|23|24|25|26|,|
TAPESTRY-2505,26,26,|12|,|12|13|14|15|16|17|18|19|20|21|22|23|24|25|26|,|
TAPESTRY-2243,26,26,|9|,|9|10|11|12|13|14|15|16|17|18|19|20|21|22|23|24|25|26|,|
TAPESTRY-1796,25,26,|12|,|12|13|14|15|16|17|18|19|20|21|22|23|24|25|26|,|
TAPESTRY-2470,26,26,|11|,|11|12|13|14|15|16|17|18|19|20|21|22|23|24|25|26|,|
TAPESTRY-2420,26,26,|10|,|10|11|12|13|14|15|16|17|18|19|20|21|22|23|24|25|26|,|
TAPESTRY-2561,26,26,|12|,|12|13|14|15|16|17|18|19|20|21|22|23|24|25|26|,|
TAPESTRY-2532,26,26,|12|,|12|13|14|15|16|17|18|19|20|21|22|23|24|25|26|,|
TAPESTRY-2647,26,26,|12|,|12|13|14|15|16|17|18|19|20|21|22|23|24|25|26|,|
TAPESTRY-2655,26,26,|12|,|12|13|14|15|16|17|18|19|20|21|22|23|24|25|26|,|
TAPESTRY-2453,26,27,|11|,|11|12|13|14|15|16|17|18|19|20|21|22|23|24|25|26|27|,|
TAPESTRY-2517,26,27,|11|,|11|12|13|14|15|16|17|18|19|20|21|22|23|24|25|26|27|,|
TAPESTRY-2658,27,27,|13|,|13|14|15|16|17|18|19|20|21|22|23|24|25|26|27|,|
TAPESTRY-2664,27,27,|13|,|13|14|15|16|17|18|19|20|21|22|23|24|25|26|27|,|
TAPESTRY-2307,26,27,|,|26|27|,|5.0|
TAPESTRY-2656,27,27,|13|,|13|14|15|16|17|18|19|20|21|22|23|24|25|26|27|,|
TAPESTRY-2641,26,27,|,|26|27|,|5.0|
TAPESTRY-2566,26,27,|,|26|27|,|5.0|
TAPESTRY-2438,26,27,|,|26|27|,|5.0|
TAPESTRY-2215,26,27,|,|26|27|,|5.0|
TAPESTRY-2669,27,27,|13|,|13|14|15|16|17|18|19|20|21|22|23|24|25|26|27|,|
TAPESTRY-2460,26,27,|11|,|11|12|13|14|15|16|17|18|19|20|21|22|23|24|25|26|27|,|
TAPESTRY-2668,27,27,|13|,|13|14|15|16|17|18|19|20|21|22|23|24|25|26|27|,|
TAPESTRY-2685,27,27,|12|,|12|13|14|15|16|17|18|19|20|21|22|23|24|25|26|27|,|
TAPESTRY-2403,26,27,|25|,|25|26|27|,|
TAPESTRY-2702,27,27,|26|,|26|27|,|
TAPESTRY-2760,27,27,|13|,|13|14|15|16|17|18|19|20|21|22|23|24|25|26|27|,|
TAPESTRY-2770,27,27,|3|,|3|4|5|6|7|8|9|10|11|12|13|14|15|16|17|18|19|20|21|22|23|24|25|26|27|,|
TAPESTRY-2776,27,27,|26|,|26|27|,|
TAPESTRY-2783,27,27,|,|27|,|unspecified|
